Shortname,Temperature C,log(time),Stress (MPa),Sol. Temp (ºC),Sol. Time (h),1 age temp (ºC),1 age time (h),2 age temp (ºC),2 age time (hr),C/T,Orientation,VolFrac (%),Co,Ni,Al,Cr,W,Ti,Ta,Nb,V,Mo,C,Zr,B,Ir,Re,Si,Fe,Y,Hf,Ge,Mn,Sc,Ru,Ce,Nd,misfit,solvus,solidus,liquidus,Vf,hardness,YS
Co-9.7Ni-5.Al-4.2Cr-2.0Ti-1.6Ta-1.4Nb-3.0V-0.08B,25,,700,1200,48,850,168,,,1,10,32,73.03,9.74,4.98,4.15,0,2.04,1.59,1.37,3.02,0,0,0,0.08,0,0,0,0,0,0,0,0,0,0,0,0,0.0035501,970,1387,1425,32,405.23,unknown
Co-19.4Ni-5.1Al-4.1Cr-2.1Ti-1.6Ta-1.4Nb-3.1V-0.08B,25,,700,1200,48,850,168,,,1,10,37,63.18,19.43,5.13,4.11,0,2.06,1.59,1.37,3.05,0,0,0,0.08,0,0,0,0,0,0,0,0,0,0,0,0,0.0082274,989,1401,1408,37,410.18,unknown
Co-9.7Ni-5.Al-8.2Cr-2.1Ti-1.6Ta-1.4Nb-3.0V-0.08B,25,,700,1200,48,850,168,,,1,10,44,68.84,9.74,5.04,8.22,0,2.07,1.58,1.41,3.02,0,0,0,0.08,0,0,0,0,0,0,0,0,0,0,0,0,0.0085825,1010,1398,1413,44,462.02,unknown
Co-19.5Ni-5.Al-8.3Cr-2.1Ti-1.6Ta-1.4Nb-3.0V-0.08B,25,,700,1200,48,850,168,,,1,10,45,59.02,19.54,4.98,8.29,0,2.07,1.61,1.38,3.03,0,0,0,0.08,0,0,0,0,0,0,0,0,0,0,0,0,0.0065466,989,1395,1421,45,409.07,unknown
Co-9.7Ni-5.Al-4.2Cr-2.0Ti-1.6Ta-1.4Nb-3.0V-0.08B,850,5.568636236,215,1200,48,850,168,,,1,10,32,73.03,9.74,4.98,4.15,0,2.04,1.59,1.37,3.02,0,0,0,0.08,0,0,0,0,0,0,0,0,0,0,0,0,unknown,970,1387,1425,32,405.23,unknown
Co-9.7Ni-5.Al-4.2Cr-2.0Ti-1.6Ta-1.4Nb-3.0V-0.08B,850,5.308034897,239.2,1200,48,850,168,,,1,10,32,73.03,9.74,4.98,4.15,0,2.04,1.59,1.37,3.02,0,0,0,0.08,0,0,0,0,0,0,0,0,0,0,0,0,unknown,970,1387,1425,32,405.23,unknown
Co-9.7Ni-5.Al-4.2Cr-2.0Ti-1.6Ta-1.4Nb-3.0V-0.08B,850,4.887730232,265,1200,48,850,168,,,1,10,32,73.03,9.74,4.98,4.15,0,2.04,1.59,1.37,3.02,0,0,0,0.08,0,0,0,0,0,0,0,0,0,0,0,0,unknown,970,1387,1425,32,405.23,unknown
Co-9.7Ni-5.Al-4.2Cr-2.0Ti-1.6Ta-1.4Nb-3.0V-0.08B,850,4.42945706,291.7,1200,48,850,168,,,1,10,32,73.03,9.74,4.98,4.15,0,2.04,1.59,1.37,3.02,0,0,0,0.08,0,0,0,0,0,0,0,0,0,0,0,0,unknown,970,1387,1425,32,405.23,unknown
Co-9.7Ni-5.Al-4.2Cr-2.0Ti-1.6Ta-1.4Nb-3.0V-0.08B,850,4,319.7,1200,48,850,168,,,1,10,32,73.03,9.74,4.98,4.15,0,2.04,1.59,1.37,3.02,0,0,0,0.08,0,0,0,0,0,0,0,0,0,0,0,0,unknown,970,1387,1425,32,405.23,unknown
Co-9.7Ni-5.Al-4.2Cr-2.0Ti-1.6Ta-1.4Nb-3.0V-0.08B,850,3.477555766,357.3,1200,48,850,168,,,1,10,32,73.03,9.74,4.98,4.15,0,2.04,1.59,1.37,3.02,0,0,0,0.08,0,0,0,0,0,0,0,0,0,0,0,0,unknown,970,1387,1425,32,405.23,unknown
Co-9.7Ni-5.Al-4.2Cr-2.0Ti-1.6Ta-1.4Nb-3.0V-0.08B,850,2.871600731,404,1200,48,850,168,,,1,10,32,73.03,9.74,4.98,4.15,0,2.04,1.59,1.37,3.02,0,0,0,0.08,0,0,0,0,0,0,0,0,0,0,0,0,unknown,970,1387,1425,32,405.23,unknown
Co-9.7Ni-5.Al-4.2Cr-2.0Ti-1.6Ta-1.4Nb-3.0V-0.08B,850,2.425968732,454.7,1200,48,850,168,,,1,10,32,73.03,9.74,4.98,4.15,0,2.04,1.59,1.37,3.02,0,0,0,0.08,0,0,0,0,0,0,0,0,0,0,0,0,unknown,970,1387,1425,32,405.23,unknown
Co-9.7Ni-5.Al-4.2Cr-2.0Ti-1.6Ta-1.4Nb-3.0V-0.08B,850,1.935542011,513.5,1200,48,850,168,,,1,10,32,73.03,9.74,4.98,4.15,0,2.04,1.59,1.37,3.02,0,0,0,0.08,0,0,0,0,0,0,0,0,0,0,0,0,unknown,970,1387,1425,32,405.23,unknown
Co-19.4Ni-5.1Al-4.1Cr-2.1Ti-1.6Ta-1.4Nb-3.1V-0.08B,850,5.177831921,250,1200,48,850,168,,,1,10,37,63.18,19.43,5.13,4.11,0,2.06,1.59,1.37,3.05,0,0,0,0.08,0,0,0,0,0,0,0,0,0,0,0,0,unknown,989,1401,1408,37,410.18,unknown
Co-19.4Ni-5.1Al-4.1Cr-2.1Ti-1.6Ta-1.4Nb-3.1V-0.08B,850,4.966576245,271,1200,48,850,168,,,1,10,37,63.18,19.43,5.13,4.11,0,2.06,1.59,1.37,3.05,0,0,0,0.08,0,0,0,0,0,0,0,0,0,0,0,0,unknown,989,1401,1408,37,410.18,unknown
Co-19.4Ni-5.1Al-4.1Cr-2.1Ti-1.6Ta-1.4Nb-3.1V-0.08B,850,4.760450279,296.5,1200,48,850,168,,,1,10,37,63.18,19.43,5.13,4.11,0,2.06,1.59,1.37,3.05,0,0,0,0.08,0,0,0,0,0,0,0,0,0,0,0,0,unknown,989,1401,1408,37,410.18,unknown
Co-19.4Ni-5.1Al-4.1Cr-2.1Ti-1.6Ta-1.4Nb-3.1V-0.08B,850,4.518557371,323.7,1200,48,850,168,,,1,10,37,63.18,19.43,5.13,4.11,0,2.06,1.59,1.37,3.05,0,0,0,0.08,0,0,0,0,0,0,0,0,0,0,0,0,unknown,989,1401,1408,37,410.18,unknown
Co-19.4Ni-5.1Al-4.1Cr-2.1Ti-1.6Ta-1.4Nb-3.1V-0.08B,850,4.167491087,354.7,1200,48,850,168,,,1,10,37,63.18,19.43,5.13,4.11,0,2.06,1.59,1.37,3.05,0,0,0,0.08,0,0,0,0,0,0,0,0,0,0,0,0,unknown,989,1401,1408,37,410.18,unknown
Co-19.4Ni-5.1Al-4.1Cr-2.1Ti-1.6Ta-1.4Nb-3.1V-0.08B,850,3.685500772,394.8,1200,48,850,168,,,1,10,37,63.18,19.43,5.13,4.11,0,2.06,1.59,1.37,3.05,0,0,0,0.08,0,0,0,0,0,0,0,0,0,0,0,0,unknown,989,1401,1408,37,410.18,unknown
Co-19.4Ni-5.1Al-4.1Cr-2.1Ti-1.6Ta-1.4Nb-3.1V-0.08B,850,2.995678626,444.2,1200,48,850,168,,,1,10,37,63.18,19.43,5.13,4.11,0,2.06,1.59,1.37,3.05,0,0,0,0.08,0,0,0,0,0,0,0,0,0,0,0,0,unknown,989,1401,1408,37,410.18,unknown
Co-19.4Ni-5.1Al-4.1Cr-2.1Ti-1.6Ta-1.4Nb-3.1V-0.08B,850,2.425968732,501.5,1200,48,850,168,,,1,10,37,63.18,19.43,5.13,4.11,0,2.06,1.59,1.37,3.05,0,0,0,0.08,0,0,0,0,0,0,0,0,0,0,0,0,unknown,989,1401,1408,37,410.18,unknown
Co-19.4Ni-5.1Al-4.1Cr-2.1Ti-1.6Ta-1.4Nb-3.1V-0.08B,850,1.962573502,555,1200,48,850,168,,,1,10,37,63.18,19.43,5.13,4.11,0,2.06,1.59,1.37,3.05,0,0,0,0.08,0,0,0,0,0,0,0,0,0,0,0,0,unknown,989,1401,1408,37,410.18,unknown
Co-29.4Ni-5.4Al-4.1Cr-2.3Ti-1.7Ta-1.4Nb-3.1V-0.08B,850,5.315154638,246.8,1200,48,850,168,,,1,10,49,52.58,29.36,5.44,4.07,0,2.27,1.69,1.37,3.14,0,0,0,0.08,0,0,0,0,0,0,0,0,0,0,0,0,unknown,1006,1388,1413,49,443.69,607.7865017
Co-29.4Ni-5.4Al-4.1Cr-2.3Ti-1.7Ta-1.4Nb-3.1V-0.08B,850,5.209714836,267.5,1200,48,850,168,,,1,10,49,52.58,29.36,5.44,4.07,0,2.27,1.69,1.37,3.14,0,0,0,0.08,0,0,0,0,0,0,0,0,0,0,0,0,unknown,1006,1388,1413,49,443.69,607.7865017
Co-29.4Ni-5.4Al-4.1Cr-2.3Ti-1.7Ta-1.4Nb-3.1V-0.08B,850,4.974694135,292,1200,48,850,168,,,1,10,49,52.58,29.36,5.44,4.07,0,2.27,1.69,1.37,3.14,0,0,0,0.08,0,0,0,0,0,0,0,0,0,0,0,0,unknown,1006,1388,1413,49,443.69,607.7865017
Co-29.4Ni-5.4Al-4.1Cr-2.3Ti-1.7Ta-1.4Nb-3.1V-0.08B,850,4.616184634,318.5,1200,48,850,168,,,1,10,49,52.58,29.36,5.44,4.07,0,2.27,1.69,1.37,3.14,0,0,0,0.08,0,0,0,0,0,0,0,0,0,0,0,0,unknown,1006,1388,1413,49,443.69,607.7865017
Co-29.4Ni-5.4Al-4.1Cr-2.3Ti-1.7Ta-1.4Nb-3.1V-0.08B,850,4.086716098,347.2,1200,48,850,168,,,1,10,49,52.58,29.36,5.44,4.07,0,2.27,1.69,1.37,3.14,0,0,0,0.08,0,0,0,0,0,0,0,0,0,0,0,0,unknown,1006,1388,1413,49,443.69,607.7865017
Co-29.4Ni-5.4Al-4.1Cr-2.3Ti-1.7Ta-1.4Nb-3.1V-0.08B,850,3.311580178,382.8,1200,48,850,168,,,1,10,49,52.58,29.36,5.44,4.07,0,2.27,1.69,1.37,3.14,0,0,0,0.08,0,0,0,0,0,0,0,0,0,0,0,0,unknown,1006,1388,1413,49,443.69,607.7865017
Co-29.4Ni-5.4Al-4.1Cr-2.3Ti-1.7Ta-1.4Nb-3.1V-0.08B,850,2.521433504,426.7,1200,48,850,168,,,1,10,49,52.58,29.36,5.44,4.07,0,2.27,1.69,1.37,3.14,0,0,0,0.08,0,0,0,0,0,0,0,0,0,0,0,0,unknown,1006,1388,1413,49,443.69,607.7865017
Co-9.7Ni-5.Al-8.2Cr-2.1Ti-1.6Ta-1.4Nb-3.0V-0.08B,850,5.27083521,224,1200,48,850,168,,,1,10,44,68.84,9.74,5.04,8.22,0,2.07,1.58,1.41,3.02,0,0,0,0.08,0,0,0,0,0,0,0,0,0,0,0,0,unknown,1010,1398,1413,44,462.02,unknown
Co-9.7Ni-5.Al-8.2Cr-2.1Ti-1.6Ta-1.4Nb-3.0V-0.08B,850,4.866461092,247.4,1200,48,850,168,,,1,10,44,68.84,9.74,5.04,8.22,0,2.07,1.58,1.41,3.02,0,0,0,0.08,0,0,0,0,0,0,0,0,0,0,0,0,unknown,1010,1398,1413,44,462.02,unknown
Co-9.7Ni-5.Al-8.2Cr-2.1Ti-1.6Ta-1.4Nb-3.0V-0.08B,850,4.373659633,272.6,1200,48,850,168,,,1,10,44,68.84,9.74,5.04,8.22,0,2.07,1.58,1.41,3.02,0,0,0,0.08,0,0,0,0,0,0,0,0,0,0,0,0,unknown,1010,1398,1413,44,462.02,unknown
Co-9.7Ni-5.Al-8.2Cr-2.1Ti-1.6Ta-1.4Nb-3.0V-0.08B,850,3.896196279,301.2,1200,48,850,168,,,1,10,44,68.84,9.74,5.04,8.22,0,2.07,1.58,1.41,3.02,0,0,0,0.08,0,0,0,0,0,0,0,0,0,0,0,0,unknown,1010,1398,1413,44,462.02,unknown
Co-9.7Ni-5.Al-8.2Cr-2.1Ti-1.6Ta-1.4Nb-3.0V-0.08B,850,2.835647144,370.3,1200,48,850,168,,,1,10,44,68.84,9.74,5.04,8.22,0,2.07,1.58,1.41,3.02,0,0,0,0.08,0,0,0,0,0,0,0,0,0,0,0,0,unknown,1010,1398,1413,44,462.02,unknown
Co-9.7Ni-5.Al-8.2Cr-2.1Ti-1.6Ta-1.4Nb-3.0V-0.08B,850,1.627087997,406.7,1200,48,850,168,,,1,10,44,68.84,9.74,5.04,8.22,0,2.07,1.58,1.41,3.02,0,0,0,0.08,0,0,0,0,0,0,0,0,0,0,0,0,unknown,1010,1398,1413,44,462.02,unknown
Co-19.5Ni-5.Al-8.3Cr-2.1Ti-1.6Ta-1.4Nb-3.0V-0.08B,850,6.003050752,258.4,1200,48,850,168,,,1,10,45,59.02,19.54,4.98,8.29,0,2.07,1.61,1.38,3.03,0,0,0,0.08,0,0,0,0,0,0,0,0,0,0,0,0,unknown,989,1395,1421,45,409.07,unknown
Co-19.5Ni-5.Al-8.3Cr-2.1Ti-1.6Ta-1.4Nb-3.0V-0.08B,850,5.252588192,281.1,1200,48,850,168,,,1,10,45,59.02,19.54,4.98,8.29,0,2.07,1.61,1.38,3.03,0,0,0,0.08,0,0,0,0,0,0,0,0,0,0,0,0,unknown,989,1395,1421,45,409.07,unknown
Co-19.5Ni-5.Al-8.3Cr-2.1Ti-1.6Ta-1.4Nb-3.0V-0.08B,850,4.954677021,308.7,1200,48,850,168,,,1,10,45,59.02,19.54,4.98,8.29,0,2.07,1.61,1.38,3.03,0,0,0,0.08,0,0,0,0,0,0,0,0,0,0,0,0,unknown,989,1395,1421,45,409.07,unknown
Co-19.5Ni-5.Al-8.3Cr-2.1Ti-1.6Ta-1.4Nb-3.0V-0.08B,850,4.684029655,336.8,1200,48,850,168,,,1,10,45,59.02,19.54,4.98,8.29,0,2.07,1.61,1.38,3.03,0,0,0,0.08,0,0,0,0,0,0,0,0,0,0,0,0,unknown,989,1395,1421,45,409.07,unknown
Co-19.5Ni-5.Al-8.3Cr-2.1Ti-1.6Ta-1.4Nb-3.0V-0.08B,850,4.377785977,368.8,1200,48,850,168,,,1,10,45,59.02,19.54,4.98,8.29,0,2.07,1.61,1.38,3.03,0,0,0,0.08,0,0,0,0,0,0,0,0,0,0,0,0,unknown,989,1395,1421,45,409.07,unknown
Co-19.5Ni-5.Al-8.3Cr-2.1Ti-1.6Ta-1.4Nb-3.0V-0.08B,850,3.93930216,410.1,1200,48,850,168,,,1,10,45,59.02,19.54,4.98,8.29,0,2.07,1.61,1.38,3.03,0,0,0,0.08,0,0,0,0,0,0,0,0,0,0,0,0,unknown,989,1395,1421,45,409.07,unknown
Co-19.5Ni-5.Al-8.3Cr-2.1Ti-1.6Ta-1.4Nb-3.0V-0.08B,850,3.242603971,449.5,1200,48,850,168,,,1,10,45,59.02,19.54,4.98,8.29,0,2.07,1.61,1.38,3.03,0,0,0,0.08,0,0,0,0,0,0,0,0,0,0,0,0,unknown,989,1395,1421,45,409.07,unknown
Co-19.5Ni-5.Al-8.3Cr-2.1Ti-1.6Ta-1.4Nb-3.0V-0.08B,850,2.718966633,521,1200,48,850,168,,,1,10,45,59.02,19.54,4.98,8.29,0,2.07,1.61,1.38,3.03,0,0,0,0.08,0,0,0,0,0,0,0,0,0,0,0,0,unknown,989,1395,1421,45,409.07,unknown
Co-19.5Ni-5.Al-8.3Cr-2.1Ti-1.6Ta-1.4Nb-3.0V-0.08B,850,2.332547047,564.3,1200,48,850,168,,,1,10,45,59.02,19.54,4.98,8.29,0,2.07,1.61,1.38,3.03,0,0,0,0.08,0,0,0,0,0,0,0,0,0,0,0,0,unknown,989,1395,1421,45,409.07,unknown
Co-29.7Ni-5.Al-8.2Cr-2.1Ti-1.7Ta-1.6Nb-3.1V-0.08B,850,5.335358024,256.4,1200,48,850,168,,,1,10,45,48.69,29.66,4.98,8.19,0,2.08,1.65,1.6,3.07,0,0,0,0.08,0,0,0,0,0,0,0,0,0,0,0,0,unknown,1031,1382,1410,45,466.93,683.2739631
Co-29.7Ni-5.Al-8.2Cr-2.1Ti-1.7Ta-1.6Nb-3.1V-0.08B,850,5.329754147,278.6,1200,48,850,168,,,1,10,45,48.69,29.66,4.98,8.19,0,2.08,1.65,1.6,3.07,0,0,0,0.08,0,0,0,0,0,0,0,0,0,0,0,0,unknown,1031,1382,1410,45,466.93,683.2739631
Co-29.7Ni-5.Al-8.2Cr-2.1Ti-1.7Ta-1.6Nb-3.1V-0.08B,850,5.201349355,305.1,1200,48,850,168,,,1,10,45,48.69,29.66,4.98,8.19,0,2.08,1.65,1.6,3.07,0,0,0,0.08,0,0,0,0,0,0,0,0,0,0,0,0,unknown,1031,1382,1410,45,466.93,683.2739631
Co-29.7Ni-5.Al-8.2Cr-2.1Ti-1.7Ta-1.6Nb-3.1V-0.08B,850,4.899629455,332.6,1200,48,850,168,,,1,10,45,48.69,29.66,4.98,8.19,0,2.08,1.65,1.6,3.07,0,0,0,0.08,0,0,0,0,0,0,0,0,0,0,0,0,unknown,1031,1382,1410,45,466.93,683.2739631
Co-29.7Ni-5.Al-8.2Cr-2.1Ti-1.7Ta-1.6Nb-3.1V-0.08B,850,4.554395797,363.8,1200,48,850,168,,,1,10,45,48.69,29.66,4.98,8.19,0,2.08,1.65,1.6,3.07,0,0,0,0.08,0,0,0,0,0,0,0,0,0,0,0,0,unknown,1031,1382,1410,45,466.93,683.2739631
Co-29.7Ni-5.Al-8.2Cr-2.1Ti-1.7Ta-1.6Nb-3.1V-0.08B,850,4.014124643,403,1200,48,850,168,,,1,10,45,48.69,29.66,4.98,8.19,0,2.08,1.65,1.6,3.07,0,0,0,0.08,0,0,0,0,0,0,0,0,0,0,0,0,unknown,1031,1382,1410,45,466.93,683.2739631
Co-29.7Ni-5.Al-8.2Cr-2.1Ti-1.7Ta-1.6Nb-3.1V-0.08B,850,3.438898616,450.4,1200,48,850,168,,,1,10,45,48.69,29.66,4.98,8.19,0,2.08,1.65,1.6,3.07,0,0,0,0.08,0,0,0,0,0,0,0,0,0,0,0,0,unknown,1031,1382,1410,45,466.93,683.2739631
Co-29.7Ni-5.Al-8.2Cr-2.1Ti-1.7Ta-1.6Nb-3.1V-0.08B,850,2.718966633,509.5,1200,48,850,168,,,1,10,45,48.69,29.66,4.98,8.19,0,2.08,1.65,1.6,3.07,0,0,0,0.08,0,0,0,0,0,0,0,0,0,0,0,0,unknown,1031,1382,1410,45,466.93,683.2739631
Co-29.7Ni-5.Al-8.2Cr-2.1Ti-1.7Ta-1.6Nb-3.1V-0.08B,850,2.274905479,557.5,1200,48,850,168,,,1,10,45,48.69,29.66,4.98,8.19,0,2.08,1.65,1.6,3.07,0,0,0,0.08,0,0,0,0,0,0,0,0,0,0,0,0,unknown,1031,1382,1410,45,466.93,683.2739631
Co-17.5Ni-12.4Fe-5.4Al-4.2Cr-2.0Ti-1.5Ta-1.4Nb-3.1V-0.08B,850,5.053056729,250.9,1200,24,850,168,,,1,10,48.1,52.41,17.49,5.42,4.17,0,2.03,1.52,1.44,3.08,0,0,0,0.08,0,0,0,12.36,0,0,0,0,0,0,0,0,unknown,1184,1318,1377,48.1,348.3076477,494.7117032
Co-17.5Ni-12.4Fe-5.4Al-4.2Cr-2.0Ti-1.5Ta-1.4Nb-3.1V-0.08B,850,4.804100348,263.7,1200,24,850,168,,,1,10,48.1,52.41,17.49,5.42,4.17,0,2.03,1.52,1.44,3.08,0,0,0,0.08,0,0,0,12.36,0,0,0,0,0,0,0,0,unknown,1184,1318,1377,48.1,348.3076477,494.7117032
Co-17.5Ni-12.4Fe-5.4Al-4.2Cr-2.0Ti-1.5Ta-1.4Nb-3.1V-0.08B,850,4.632644079,273,1200,24,850,168,,,1,10,48.1,52.41,17.49,5.42,4.17,0,2.03,1.52,1.44,3.08,0,0,0,0.08,0,0,0,12.36,0,0,0,0,0,0,0,0,unknown,1184,1318,1377,48.1,348.3076477,494.7117032
Co-17.5Ni-12.4Fe-5.4Al-4.2Cr-2.0Ti-1.5Ta-1.4Nb-3.1V-0.08B,850,4.266802735,285.2,1200,24,850,168,,,1,10,48.1,52.41,17.49,5.42,4.17,0,2.03,1.52,1.44,3.08,0,0,0,0.08,0,0,0,12.36,0,0,0,0,0,0,0,0,unknown,1184,1318,1377,48.1,348.3076477,494.7117032
Co-17.5Ni-12.4Fe-5.4Al-4.2Cr-2.0Ti-1.5Ta-1.4Nb-3.1V-0.08B,850,3.853871964,305.8,1200,24,850,168,,,1,10,48.1,52.41,17.49,5.42,4.17,0,2.03,1.52,1.44,3.08,0,0,0,0.08,0,0,0,12.36,0,0,0,0,0,0,0,0,unknown,1184,1318,1377,48.1,348.3076477,494.7117032
Co-17.5Ni-12.4Fe-5.4Al-4.2Cr-2.0Ti-1.5Ta-1.4Nb-3.1V-0.08B,850,3.240332155,337.1,1200,24,850,168,,,1,10,48.1,52.41,17.49,5.42,4.17,0,2.03,1.52,1.44,3.08,0,0,0,0.08,0,0,0,12.36,0,0,0,0,0,0,0,0,unknown,1184,1318,1377,48.1,348.3076477,494.7117032
Co-17.5Ni-12.4Fe-5.4Al-4.2Cr-2.0Ti-1.5Ta-1.4Nb-3.1V-0.08B,850,2.798602876,375.1,1200,24,850,168,,,1,10,48.1,52.41,17.49,5.42,4.17,0,2.03,1.52,1.44,3.08,0,0,0,0.08,0,0,0,12.36,0,0,0,0,0,0,0,0,unknown,1184,1318,1377,48.1,348.3076477,494.7117032
Co-17.4Ni-12.2Fe-5.4Al-8.3Cr-2.1Ti-1.6Ta-1.5Nb-3.1V-0.08B,850,5.380906669,256,1200,24,850,168,,,1,10,43.6,48.26,17.44,5.44,8.32,0,2.08,1.55,1.48,3.11,0,0,0,0.08,0,0,0,12.24,0,0,0,0,0,0,0,0,unknown,1189,1313,1377,43.6,341.7879028,491.4517
Co-17.4Ni-12.2Fe-5.4Al-8.3Cr-2.1Ti-1.6Ta-1.5Nb-3.1V-0.08B,850,5.046240308,263.3,1200,24,850,168,,,1,10,43.6,48.26,17.44,5.44,8.32,0,2.08,1.55,1.48,3.11,0,0,0,0.08,0,0,0,12.24,0,0,0,0,0,0,0,0,unknown,1189,1313,1377,43.6,341.7879028,491.4517
Co-17.4Ni-12.2Fe-5.4Al-8.3Cr-2.1Ti-1.6Ta-1.5Nb-3.1V-0.08B,850,4.931814138,277.2,1200,24,850,168,,,1,10,43.6,48.26,17.44,5.44,8.32,0,2.08,1.55,1.48,3.11,0,0,0,0.08,0,0,0,12.24,0,0,0,0,0,0,0,0,unknown,1189,1313,1377,43.6,341.7879028,491.4517
Co-17.4Ni-12.2Fe-5.4Al-8.3Cr-2.1Ti-1.6Ta-1.5Nb-3.1V-0.08B,850,4.73754891,293.7,1200,24,850,168,,,1,10,43.6,48.26,17.44,5.44,8.32,0,2.08,1.55,1.48,3.11,0,0,0,0.08,0,0,0,12.24,0,0,0,0,0,0,0,0,unknown,1189,1313,1377,43.6,341.7879028,491.4517
Co-17.4Ni-12.2Fe-5.4Al-8.3Cr-2.1Ti-1.6Ta-1.5Nb-3.1V-0.08B,850,4.498940738,311.4,1200,24,850,168,,,1,10,43.6,48.26,17.44,5.44,8.32,0,2.08,1.55,1.48,3.11,0,0,0,0.08,0,0,0,12.24,0,0,0,0,0,0,0,0,unknown,1189,1313,1377,43.6,341.7879028,491.4517
Co-17.4Ni-12.2Fe-5.4Al-8.3Cr-2.1Ti-1.6Ta-1.5Nb-3.1V-0.08B,850,4.14327111,332.2,1200,24,850,168,,,1,10,43.6,48.26,17.44,5.44,8.32,0,2.08,1.55,1.48,3.11,0,0,0,0.08,0,0,0,12.24,0,0,0,0,0,0,0,0,unknown,1189,1313,1377,43.6,341.7879028,491.4517
Co-17.4Ni-12.2Fe-5.4Al-8.3Cr-2.1Ti-1.6Ta-1.5Nb-3.1V-0.08B,850,3.632644079,359.7,1200,24,850,168,,,1,10,43.6,48.26,17.44,5.44,8.32,0,2.08,1.55,1.48,3.11,0,0,0,0.08,0,0,0,12.24,0,0,0,0,0,0,0,0,unknown,1189,1313,1377,43.6,341.7879028,491.4517
Co-17.4Ni-12.2Fe-5.4Al-8.3Cr-2.1Ti-1.6Ta-1.5Nb-3.1V-0.08B,850,3.22184875,392.1,1200,24,850,168,,,1,10,43.6,48.26,17.44,5.44,8.32,0,2.08,1.55,1.48,3.11,0,0,0,0.08,0,0,0,12.24,0,0,0,0,0,0,0,0,unknown,1189,1313,1377,43.6,341.7879028,491.4517
Co-17.4Ni-12.2Fe-5.4Al-8.3Cr-2.1Ti-1.6Ta-1.5Nb-3.1V-0.08B,850,2.752026734,434.2,1200,24,850,168,,,1,10,43.6,48.26,17.44,5.44,8.32,0,2.08,1.55,1.48,3.11,0,0,0,0.08,0,0,0,12.24,0,0,0,0,0,0,0,0,unknown,1189,1313,1377,43.6,341.7879028,491.4517
Co-15.5Ni-14.3Fe-5.6Al-4.2Cr-2.1Ti-1.5Ta-1.5Nb-3.1V-0.08B,850,4.568636236,229.3,1200,24,850,168,,,1,10,42.4,52.14,15.53,5.63,4.18,0,2.07,1.49,1.5,3.07,0,0,0,0.08,0,0,0,14.31,0,0,0,0,0,0,0,0,unknown,1198,1313,1373,42.4,323.3867493,476.6565763
Co-15.5Ni-14.3Fe-5.6Al-4.2Cr-2.1Ti-1.5Ta-1.5Nb-3.1V-0.08B,850,4.32330639,240.6,1200,24,850,168,,,1,10,42.4,52.14,15.53,5.63,4.18,0,2.07,1.49,1.5,3.07,0,0,0,0.08,0,0,0,14.31,0,0,0,0,0,0,0,0,unknown,1198,1313,1373,42.4,323.3867493,476.6565763
Co-15.5Ni-14.3Fe-5.6Al-4.2Cr-2.1Ti-1.5Ta-1.5Nb-3.1V-0.08B,850,4.053056729,254.1,1200,24,850,168,,,1,10,42.4,52.14,15.53,5.63,4.18,0,2.07,1.49,1.5,3.07,0,0,0,0.08,0,0,0,14.31,0,0,0,0,0,0,0,0,unknown,1198,1313,1373,42.4,323.3867493,476.6565763
Co-15.5Ni-14.3Fe-5.6Al-4.2Cr-2.1Ti-1.5Ta-1.5Nb-3.1V-0.08B,850,3.764471553,269.8,1200,24,850,168,,,1,10,42.4,52.14,15.53,5.63,4.18,0,2.07,1.49,1.5,3.07,0,0,0,0.08,0,0,0,14.31,0,0,0,0,0,0,0,0,unknown,1198,1313,1373,42.4,323.3867493,476.6565763
Co-15.5Ni-14.3Fe-5.6Al-4.2Cr-2.1Ti-1.5Ta-1.5Nb-3.1V-0.08B,850,3.279840697,291.1,1200,24,850,168,,,1,10,42.4,52.14,15.53,5.63,4.18,0,2.07,1.49,1.5,3.07,0,0,0,0.08,0,0,0,14.31,0,0,0,0,0,0,0,0,unknown,1198,1313,1373,42.4,323.3867493,476.6565763
Co-15.5Ni-14.3Fe-5.6Al-4.2Cr-2.1Ti-1.5Ta-1.5Nb-3.1V-0.08B,850,2.935542011,317,1200,24,850,168,,,1,10,42.4,52.14,15.53,5.63,4.18,0,2.07,1.49,1.5,3.07,0,0,0,0.08,0,0,0,14.31,0,0,0,0,0,0,0,0,unknown,1198,1313,1373,42.4,323.3867493,476.6565763
Co-15.5Ni-14.3Fe-5.6Al-4.2Cr-2.1Ti-1.5Ta-1.5Nb-3.1V-0.08B,850,2.559090918,351.9,1200,24,850,168,,,1,10,42.4,52.14,15.53,5.63,4.18,0,2.07,1.49,1.5,3.07,0,0,0,0.08,0,0,0,14.31,0,0,0,0,0,0,0,0,unknown,1198,1313,1373,42.4,323.3867493,476.6565763
Co-15.6Ni-14.2Fe-5.4Al-8.3Cr-2.1Ti-1.5Ta-1.5Nb-3.1V-0.08B,850,5.543633967,218.3,1200,24,850,168,,,1,10,32.8,48.25,15.59,5.44,8.29,0,2.07,1.51,1.45,3.1,0,0,0,0.08,0,0,0,14.22,0,0,0,0,0,0,0,0,unknown,1189,1308,1368,32.8,377.8849182,504.0474693
Co-15.6Ni-14.2Fe-5.4Al-8.3Cr-2.1Ti-1.5Ta-1.5Nb-3.1V-0.08B,850,5.22184875,229.5,1200,24,850,168,,,1,10,32.8,48.25,15.59,5.44,8.29,0,2.07,1.51,1.45,3.1,0,0,0,0.08,0,0,0,14.22,0,0,0,0,0,0,0,0,unknown,1189,1308,1368,32.8,377.8849182,504.0474693
Co-15.6Ni-14.2Fe-5.4Al-8.3Cr-2.1Ti-1.5Ta-1.5Nb-3.1V-0.08B,850,4.928117993,243.3,1200,24,850,168,,,1,10,32.8,48.25,15.59,5.44,8.29,0,2.07,1.51,1.45,3.1,0,0,0,0.08,0,0,0,14.22,0,0,0,0,0,0,0,0,unknown,1189,1308,1368,32.8,377.8849182,504.0474693
Co-15.6Ni-14.2Fe-5.4Al-8.3Cr-2.1Ti-1.5Ta-1.5Nb-3.1V-0.08B,850,4.826813732,248.1,1200,24,850,168,,,1,10,32.8,48.25,15.59,5.44,8.29,0,2.07,1.51,1.45,3.1,0,0,0,0.08,0,0,0,14.22,0,0,0,0,0,0,0,0,unknown,1189,1308,1368,32.8,377.8849182,504.0474693
Co-15.6Ni-14.2Fe-5.4Al-8.3Cr-2.1Ti-1.5Ta-1.5Nb-3.1V-0.08B,850,4.655607726,256.8,1200,24,850,168,,,1,10,32.8,48.25,15.59,5.44,8.29,0,2.07,1.51,1.45,3.1,0,0,0,0.08,0,0,0,14.22,0,0,0,0,0,0,0,0,unknown,1189,1308,1368,32.8,377.8849182,504.0474693
Co-15.6Ni-14.2Fe-5.4Al-8.3Cr-2.1Ti-1.5Ta-1.5Nb-3.1V-0.08B,850,4.317854924,274.2,1200,24,850,168,,,1,10,32.8,48.25,15.59,5.44,8.29,0,2.07,1.51,1.45,3.1,0,0,0,0.08,0,0,0,14.22,0,0,0,0,0,0,0,0,unknown,1189,1308,1368,32.8,377.8849182,504.0474693
Co-15.6Ni-14.2Fe-5.4Al-8.3Cr-2.1Ti-1.5Ta-1.5Nb-3.1V-0.08B,850,3.913640169,296.6,1200,24,850,168,,,1,10,32.8,48.25,15.59,5.44,8.29,0,2.07,1.51,1.45,3.1,0,0,0,0.08,0,0,0,14.22,0,0,0,0,0,0,0,0,unknown,1189,1308,1368,32.8,377.8849182,504.0474693
Co-15.6Ni-14.2Fe-5.4Al-8.3Cr-2.1Ti-1.5Ta-1.5Nb-3.1V-0.08B,850,3.373659633,323.8,1200,24,850,168,,,1,10,32.8,48.25,15.59,5.44,8.29,0,2.07,1.51,1.45,3.1,0,0,0,0.08,0,0,0,14.22,0,0,0,0,0,0,0,0,unknown,1189,1308,1368,32.8,377.8849182,504.0474693
Co-15.6Ni-14.2Fe-5.4Al-8.3Cr-2.1Ti-1.5Ta-1.5Nb-3.1V-0.08B,850,2.943095149,359,1200,24,850,168,,,1,10,32.8,48.25,15.59,5.44,8.29,0,2.07,1.51,1.45,3.1,0,0,0,0.08,0,0,0,14.22,0,0,0,0,0,0,0,0,unknown,1189,1308,1368,32.8,377.8849182,504.0474693
Co-15.6Ni-14.2Fe-5.4Al-8.3Cr-2.1Ti-1.5Ta-1.5Nb-3.1V-0.08B,850,2.560667306,393.8,1200,24,850,168,,,1,10,32.8,48.25,15.59,5.44,8.29,0,2.07,1.51,1.45,3.1,0,0,0,0.08,0,0,0,14.22,0,0,0,0,0,0,0,0,unknown,1189,1308,1368,32.8,377.8849182,504.0474693
Co-11.8Ni-18.3Fe-5.5Al-4.1Cr-2.1Ti-1.5Ta-1.5Nb-3.1V-0.08B,850,4.441291429,226.5,1200,24,850,168,,,1,10,40.9,52.13,11.78,5.45,4.14,0,2.06,1.52,1.51,3.06,0,0,0,0.08,0,0,0,18.27,0,0,0,0,0,0,0,0,unknown,1193,1310,1366,40.9,371.2703857,454.6945
Co-11.8Ni-18.3Fe-5.5Al-4.1Cr-2.1Ti-1.5Ta-1.5Nb-3.1V-0.08B,850,4.14327111,236.6,1200,24,850,168,,,1,10,40.9,52.13,11.78,5.45,4.14,0,2.06,1.52,1.51,3.06,0,0,0,0.08,0,0,0,18.27,0,0,0,0,0,0,0,0,unknown,1193,1310,1366,40.9,371.2703857,454.6945
Co-11.8Ni-18.3Fe-5.5Al-4.1Cr-2.1Ti-1.5Ta-1.5Nb-3.1V-0.08B,850,3.688246139,250.7,1200,24,850,168,,,1,10,40.9,52.13,11.78,5.45,4.14,0,2.06,1.52,1.51,3.06,0,0,0,0.08,0,0,0,18.27,0,0,0,0,0,0,0,0,unknown,1193,1310,1366,40.9,371.2703857,454.6945
Co-11.8Ni-18.3Fe-5.5Al-4.1Cr-2.1Ti-1.5Ta-1.5Nb-3.1V-0.08B,850,3.427128398,267.6,1200,24,850,168,,,1,10,40.9,52.13,11.78,5.45,4.14,0,2.06,1.52,1.51,3.06,0,0,0,0.08,0,0,0,18.27,0,0,0,0,0,0,0,0,unknown,1193,1310,1366,40.9,371.2703857,454.6945
Co-11.8Ni-18.3Fe-5.5Al-4.1Cr-2.1Ti-1.5Ta-1.5Nb-3.1V-0.08B,850,3.120330794,289.1,1200,24,850,168,,,1,10,40.9,52.13,11.78,5.45,4.14,0,2.06,1.52,1.51,3.06,0,0,0,0.08,0,0,0,18.27,0,0,0,0,0,0,0,0,unknown,1193,1310,1366,40.9,371.2703857,454.6945
Co-11.8Ni-18.3Fe-5.5Al-4.1Cr-2.1Ti-1.5Ta-1.5Nb-3.1V-0.08B,850,2.761953897,313.4,1200,24,850,168,,,1,10,40.9,52.13,11.78,5.45,4.14,0,2.06,1.52,1.51,3.06,0,0,0,0.08,0,0,0,18.27,0,0,0,0,0,0,0,0,unknown,1193,1310,1366,40.9,371.2703857,454.6945
Co-11.8Ni-18.3Fe-5.5Al-8.3Cr-2.0Ti-1.4Ta-1.4Nb-3.1V-0.08B,850,4.645891561,212.2,1200,24,850,168,,,1,10,20.6,48.05,11.81,5.49,8.3,0,2.04,1.44,1.41,3.1,0,0,0,0.08,0,0,0,18.28,0,0,0,0,0,0,0,0,unknown,1201,1311,1365,20.6,336.5037537,462.742341
Co-11.8Ni-18.3Fe-5.5Al-8.3Cr-2.0Ti-1.4Ta-1.4Nb-3.1V-0.08B,850,4.375717904,218,1200,24,850,168,,,1,10,20.6,48.05,11.81,5.49,8.3,0,2.04,1.44,1.41,3.1,0,0,0,0.08,0,0,0,18.28,0,0,0,0,0,0,0,0,unknown,1201,1311,1365,20.6,336.5037537,462.742341
Co-11.8Ni-18.3Fe-5.5Al-8.3Cr-2.0Ti-1.4Ta-1.4Nb-3.1V-0.08B,850,4.131943638,228.1,1200,24,850,168,,,1,10,20.6,48.05,11.81,5.49,8.3,0,2.04,1.44,1.41,3.1,0,0,0,0.08,0,0,0,18.28,0,0,0,0,0,0,0,0,unknown,1201,1311,1365,20.6,336.5037537,462.742341
Co-11.8Ni-18.3Fe-5.5Al-8.3Cr-2.0Ti-1.4Ta-1.4Nb-3.1V-0.08B,850,3.723538196,240.2,1200,24,850,168,,,1,10,20.6,48.05,11.81,5.49,8.3,0,2.04,1.44,1.41,3.1,0,0,0,0.08,0,0,0,18.28,0,0,0,0,0,0,0,0,unknown,1201,1311,1365,20.6,336.5037537,462.742341
Co-11.8Ni-18.3Fe-5.5Al-8.3Cr-2.0Ti-1.4Ta-1.4Nb-3.1V-0.08B,850,3.413412695,253.1,1200,24,850,168,,,1,10,20.6,48.05,11.81,5.49,8.3,0,2.04,1.44,1.41,3.1,0,0,0,0.08,0,0,0,18.28,0,0,0,0,0,0,0,0,unknown,1201,1311,1365,20.6,336.5037537,462.742341
Co-11.8Ni-18.3Fe-5.5Al-8.3Cr-2.0Ti-1.4Ta-1.4Nb-3.1V-0.08B,850,3.197226275,269.1,1200,24,850,168,,,1,10,20.6,48.05,11.81,5.49,8.3,0,2.04,1.44,1.41,3.1,0,0,0,0.08,0,0,0,18.28,0,0,0,0,0,0,0,0,unknown,1201,1311,1365,20.6,336.5037537,462.742341
Co-11.8Ni-18.3Fe-5.5Al-8.3Cr-2.0Ti-1.4Ta-1.4Nb-3.1V-0.08B,850,2.826813732,290.3,1200,24,850,168,,,1,10,20.6,48.05,11.81,5.49,8.3,0,2.04,1.44,1.41,3.1,0,0,0,0.08,0,0,0,18.28,0,0,0,0,0,0,0,0,unknown,1201,1311,1365,20.6,336.5037537,462.742341
Co-11.8Ni-18.3Fe-5.5Al-8.3Cr-2.0Ti-1.4Ta-1.4Nb-3.1V-0.08B,850,2.508638306,315.5,1200,24,850,168,,,1,10,20.6,48.05,11.81,5.49,8.3,0,2.04,1.44,1.41,3.1,0,0,0,0.08,0,0,0,18.28,0,0,0,0,0,0,0,0,unknown,1201,1311,1365,20.6,336.5037537,462.742341
Co-29.2Ni-11.1Al-4.2Cr-5.8W,850,5.887730232,274.57,1250,48,900,64,,,1,10,41.2,49.7,29.2,11.1,4.2,5.8,0,0,0,0,0,0,0,0,0,0,0,0,0,0,0,0,0,0,0,0,unknown,1036,1438,1459,41.2,344.6517793,523
Co-29.2Ni-11.1Al-4.2Cr-5.8W,850,5.343039817,298.84,1250,48,900,64,,,1,10,41.2,49.7,29.2,11.1,4.2,5.8,0,0,0,0,0,0,0,0,0,0,0,0,0,0,0,0,0,0,0,0,unknown,1036,1438,1459,41.2,344.6517793,523
Co-29.2Ni-11.1Al-4.2Cr-5.8W,850,4.519748655,348.6,1250,48,900,64,,,1,10,41.2,49.7,29.2,11.1,4.2,5.8,0,0,0,0,0,0,0,0,0,0,0,0,0,0,0,0,0,0,0,0,unknown,1036,1438,1459,41.2,344.6517793,523
Co-29.2Ni-11.1Al-4.2Cr-5.8W,850,3.812902499,399.92,1250,48,900,64,,,1,10,41.2,49.7,29.2,11.1,4.2,5.8,0,0,0,0,0,0,0,0,0,0,0,0,0,0,0,0,0,0,0,0,unknown,1036,1438,1459,41.2,344.6517793,523
Co-29.2Ni-11.1Al-4.2Cr-5.8W,850,3.226608548,449.47,1250,48,900,64,,,1,10,41.2,49.7,29.2,11.1,4.2,5.8,0,0,0,0,0,0,0,0,0,0,0,0,0,0,0,0,0,0,0,0,unknown,1036,1438,1459,41.2,344.6517793,523
Co-29.2Ni-11.1Al-4.2Cr-5.8W,850,2.677760025,499.36,1250,48,900,64,,,1,10,41.2,49.7,29.2,11.1,4.2,5.8,0,0,0,0,0,0,0,0,0,0,0,0,0,0,0,0,0,0,0,0,unknown,1036,1438,1459,41.2,344.6517793,533
Co-29.2Ni-4.1Fe-10.9Al-4.1Cr-5.8W,850,5.575886405,250.33,1250,48,900,64,,,1,10,39.8,45.9,29.2,10.9,4.1,5.8,0,0,0,0,0,0,0,0,0,0,0,4.1,0,0,0,0,0,0,0,0,unknown,1021,1414,1446,39.8,327.3172224,533
Co-29.2Ni-4.1Fe-10.9Al-4.1Cr-5.8W,850,4.81496808,299.22,1250,48,900,64,,,1,10,39.8,45.9,29.2,10.9,4.1,5.8,0,0,0,0,0,0,0,0,0,0,0,4.1,0,0,0,0,0,0,0,0,unknown,1021,1414,1446,39.8,327.3172224,533
Co-29.2Ni-4.1Fe-10.9Al-4.1Cr-5.8W,850,4.02078863,349.95,1250,48,900,64,,,1,10,39.8,45.9,29.2,10.9,4.1,5.8,0,0,0,0,0,0,0,0,0,0,0,4.1,0,0,0,0,0,0,0,0,unknown,1021,1414,1446,39.8,327.3172224,533
Co-29.2Ni-4.1Fe-10.9Al-4.1Cr-5.8W,850,3.388776046,398.39,1250,48,900,64,,,1,10,39.8,45.9,29.2,10.9,4.1,5.8,0,0,0,0,0,0,0,0,0,0,0,4.1,0,0,0,0,0,0,0,0,unknown,1021,1414,1446,39.8,327.3172224,533
Co-29.2Ni-4.1Fe-10.9Al-4.1Cr-5.8W,850,2.781700874,449.47,1250,48,900,64,,,1,10,39.8,45.9,29.2,10.9,4.1,5.8,0,0,0,0,0,0,0,0,0,0,0,4.1,0,0,0,0,0,0,0,0,unknown,1021,1414,1446,39.8,327.3172224,533
Co-29.2Ni-4.1Fe-10.9Al-4.1Cr-5.8W,850,2.095636143,497.44,1250,48,900,64,,,1,10,39.8,45.9,29.2,10.9,4.1,5.8,0,0,0,0,0,0,0,0,0,0,0,4.1,0,0,0,0,0,0,0,0,unknown,1021,1414,1446,39.8,327.3172224,533
Co-29.3Ni-8.2Fe-10.8Al-4.1Cr-5.7W,850,4.665284947,252.91,1250,48,900,64,,,1,10,29.6,41.9,29.3,10.8,4.1,5.7,0,0,0,0,0,0,0,0,0,0,0,8.2,0,0,0,0,0,0,0,0,unknown,999,1416,1442,29.6,317.1204242,496
Co-29.3Ni-8.2Fe-10.8Al-4.1Cr-5.7W,850,3.991697976,298.84,1250,48,900,64,,,1,10,29.6,41.9,29.3,10.8,4.1,5.7,0,0,0,0,0,0,0,0,0,0,0,8.2,0,0,0,0,0,0,0,0,unknown,999,1416,1442,29.6,317.1204242,496
Co-29.3Ni-8.2Fe-10.8Al-4.1Cr-5.7W,850,3.380457991,349.05,1250,48,900,64,,,1,10,29.6,41.9,29.3,10.8,4.1,5.7,0,0,0,0,0,0,0,0,0,0,0,8.2,0,0,0,0,0,0,0,0,unknown,999,1416,1442,29.6,317.1204242,496
Co-29.3Ni-8.2Fe-10.8Al-4.1Cr-5.7W,850,2.839921819,399.92,1250,48,900,64,,,1,10,29.6,41.9,29.3,10.8,4.1,5.7,0,0,0,0,0,0,0,0,0,0,0,8.2,0,0,0,0,0,0,0,0,unknown,999,1416,1442,29.6,317.1204242,496
Co-29.3Ni-8.2Fe-10.8Al-4.1Cr-5.7W,850,2.370060599,447.74,1250,48,900,64,,,1,10,29.6,41.9,29.3,10.8,4.1,5.7,0,0,0,0,0,0,0,0,0,0,0,8.2,0,0,0,0,0,0,0,0,unknown,999,1416,1442,29.6,317.1204242,496
Co-29.3Ni-8.2Fe-10.8Al-4.1Cr-5.7W,850,1.871116298,500,1250,48,900,64,,,1,10,29.6,41.9,29.3,10.8,4.1,5.7,0,0,0,0,0,0,0,0,0,0,0,8.2,0,0,0,0,0,0,0,0,unknown,999,1416,1442,29.6,317.1204242,496
Co-29.3Ni-12.3Fe-10.4Al-4.1Cr-5.7W,850,5.621620271,153.11,1250,48,900,64,,,1,10,25.4,38.2,29.3,10.4,4.1,5.7,0,0,0,0,0,0,0,0,0,0,0,12.3,0,0,0,0,0,0,0,0,unknown,985,1490,1437,25.4,302.8449067,390
Co-29.3Ni-12.3Fe-10.4Al-4.1Cr-5.7W,850,4.839921819,207.28,1250,48,900,64,,,1,10,25.4,38.2,29.3,10.4,4.1,5.7,0,0,0,0,0,0,0,0,0,0,0,12.3,0,0,0,0,0,0,0,0,unknown,985,1490,1437,25.4,302.8449067,390
Co-29.3Ni-12.3Fe-10.4Al-4.1Cr-5.7W,850,4.182950538,248.73,1250,48,900,64,,,1,10,25.4,38.2,29.3,10.4,4.1,5.7,0,0,0,0,0,0,0,0,0,0,0,12.3,0,0,0,0,0,0,0,0,unknown,985,1490,1437,25.4,302.8449067,390
Co-29.3Ni-12.3Fe-10.4Al-4.1Cr-5.7W,850,3.538456455,299.22,1250,48,900,64,,,1,10,25.4,38.2,29.3,10.4,4.1,5.7,0,0,0,0,0,0,0,0,0,0,0,12.3,0,0,0,0,0,0,0,0,unknown,985,1490,1437,25.4,302.8449067,390
Co-29.3Ni-12.3Fe-10.4Al-4.1Cr-5.7W,850,3.00623762,349.5,1250,48,900,64,,,1,10,25.4,38.2,29.3,10.4,4.1,5.7,0,0,0,0,0,0,0,0,0,0,0,12.3,0,0,0,0,0,0,0,0,unknown,985,1490,1437,25.4,302.8449067,390
Co-29.3Ni-12.3Fe-10.4Al-4.1Cr-5.7W,850,2.494795738,397.87,1250,48,900,64,,,1,10,25.4,38.2,29.3,10.4,4.1,5.7,0,0,0,0,0,0,0,0,0,0,0,12.3,0,0,0,0,0,0,0,0,unknown,985,1490,1437,25.4,302.8449067,390
Co-29.3Ni-12.3Fe-10.4Al-4.1Cr-5.7W,850,2.095636143,447.74,1250,48,900,64,,,1,10,25.4,38.2,29.3,10.4,4.1,5.7,0,0,0,0,0,0,0,0,0,0,0,12.3,0,0,0,0,0,0,0,0,unknown,985,1490,1437,25.4,302.8449067,390
Co-29.4Ni-5.4Al-4.1Cr-2.3Ti-1.7Ta-1.4Nb-3.1V-0.08B,25,0.0001,607.7865017,1200,48,850,168,0,0,1,10,49,52.58,29.36,5.44,4.07,0,2.27,1.69,1.37,3.14,0,0,0,0.08,0,0,0,0,0,0,0,0,0,0,0,0,0.0093671,1006,1388,1413,49,443.69,607.7865017
Co-29.4Ni-5.4Al-4.1Cr-2.3Ti-1.7Ta-1.4Nb-3.1V-0.08B,600,0.0001,630.7449464,600,48,850,168,0,0,1,10,49,52.58,29.36,5.44,4.07,0,2.27,1.69,1.37,3.14,0,0,0,0.08,0,0,0,0,0,0,0,0,0,0,0,0,unknown,1006,1388,1413,49,443.69,630.7449464
Co-29.4Ni-5.4Al-4.1Cr-2.3Ti-1.7Ta-1.4Nb-3.1V-0.08B,700,0.0001,644.3566941,700,48,850,168,0,0,1,10,49,52.58,29.36,5.44,4.07,0,2.27,1.69,1.37,3.14,0,0,0,0.08,0,0,0,0,0,0,0,0,0,0,0,0,unknown,1006,1388,1413,49,443.69,644.3566941
Co-29.4Ni-5.4Al-4.1Cr-2.3Ti-1.7Ta-1.4Nb-3.1V-0.08B,750,0.0001,736.0699244,750,48,850,168,0,0,1,10,49,52.58,29.36,5.44,4.07,0,2.27,1.69,1.37,3.14,0,0,0,0.08,0,0,0,0,0,0,0,0,0,0,0,0,unknown,1006,1388,1413,49,443.69,736.0699244
Co-29.4Ni-5.4Al-4.1Cr-2.3Ti-1.7Ta-1.4Nb-3.1V-0.08B,800,0.0001,807.4738736,800,48,850,168,0,0,1,10,49,52.58,29.36,5.44,4.07,0,2.27,1.69,1.37,3.14,0,0,0,0.08,0,0,0,0,0,0,0,0,0,0,0,0,unknown,1006,1388,1413,49,443.69,807.4738736
Co-29.4Ni-5.4Al-4.1Cr-2.3Ti-1.7Ta-1.4Nb-3.1V-0.08B,850,0.0001,683.2739631,850,48,850,168,0,0,1,10,49,52.58,29.36,5.44,4.07,0,2.27,1.69,1.37,3.14,0,0,0,0.08,0,0,0,0,0,0,0,0,0,0,0,0,unknown,1006,1388,1413,49,443.69,683.2739631
Co-29.4Ni-5.4Al-4.1Cr-2.3Ti-1.7Ta-1.4Nb-3.1V-0.08B,900,0.0001,544.2316505,900,48,850,168,0,0,1,10,49,52.58,29.36,5.44,4.07,0,2.27,1.69,1.37,3.14,0,0,0,0.08,0,0,0,0,0,0,0,0,0,0,0,0,unknown,1006,1388,1413,49,443.69,544.2316505
Co-29.4Ni-5.4Al-4.1Cr-2.3Ti-1.7Ta-1.4Nb-3.1V-0.08B,950,0.0001,404.7878613,950,48,850,168,0,0,1,10,49,52.58,29.36,5.44,4.07,0,2.27,1.69,1.37,3.14,0,0,0,0.08,0,0,0,0,0,0,0,0,0,0,0,0,unknown,1006,1388,1413,49,443.69,404.7878613
Co-29.7Ni-5.Al-8.2Cr-2.1Ti-1.7Ta-1.6Nb-3.1V-0.08B,25,0.0001,652.6746405,25,48,850,168,0,0,1,10,45,48.69,29.66,4.98,8.19,0,2.08,1.65,1.6,3.07,0,0,0,0.08,0,0,0,0,0,0,0,0,0,0,0,0,0.0076954,1031,1382,1410,45,466.93,652.6746405
Co-29.7Ni-5.Al-8.2Cr-2.1Ti-1.7Ta-1.6Nb-3.1V-0.08B,600,0.0001,663.5569766,600,48,850,168,0,0,1,10,45,48.69,29.66,4.98,8.19,0,2.08,1.65,1.6,3.07,0,0,0,0.08,0,0,0,0,0,0,0,0,0,0,0,0,unknown,1031,1382,1410,45,466.93,663.5569766
Co-29.7Ni-5.Al-8.2Cr-2.1Ti-1.7Ta-1.6Nb-3.1V-0.08B,700,0.0001,741.2883152,700,48,850,168,0,0,1,10,45,48.69,29.66,4.98,8.19,0,2.08,1.65,1.6,3.07,0,0,0,0.08,0,0,0,0,0,0,0,0,0,0,0,0,unknown,1031,1382,1410,45,466.93,741.2883152
Co-29.7Ni-5.Al-8.2Cr-2.1Ti-1.7Ta-1.6Nb-3.1V-0.08B,750,0.0001,739.6204454,750,48,850,168,0,0,1,10,45,48.69,29.66,4.98,8.19,0,2.08,1.65,1.6,3.07,0,0,0,0.08,0,0,0,0,0,0,0,0,0,0,0,0,unknown,1031,1382,1410,45,466.93,739.6204454
Co-29.7Ni-5.Al-8.2Cr-2.1Ti-1.7Ta-1.6Nb-3.1V-0.08B,800,0.0001,815.6047469,800,48,850,168,0,0,1,10,45,48.69,29.66,4.98,8.19,0,2.08,1.65,1.6,3.07,0,0,0,0.08,0,0,0,0,0,0,0,0,0,0,0,0,unknown,1031,1382,1410,45,466.93,815.6047469
Co-29.7Ni-5.Al-8.2Cr-2.1Ti-1.7Ta-1.6Nb-3.1V-0.08B,850,0.0001,793.1922373,850,48,850,168,0,0,1,10,45,48.69,29.66,4.98,8.19,0,2.08,1.65,1.6,3.07,0,0,0,0.08,0,0,0,0,0,0,0,0,0,0,0,0,unknown,1031,1382,1410,45,466.93,793.1922373
Co-29.7Ni-5.Al-8.2Cr-2.1Ti-1.7Ta-1.6Nb-3.1V-0.08B,900,0.0001,675.5767791,900,48,850,168,0,0,1,10,45,48.69,29.66,4.98,8.19,0,2.08,1.65,1.6,3.07,0,0,0,0.08,0,0,0,0,0,0,0,0,0,0,0,0,unknown,1031,1382,1410,45,466.93,675.5767791
Co-29.7Ni-5.Al-8.2Cr-2.1Ti-1.7Ta-1.6Nb-3.1V-0.08B,950,0.0001,479.2162711,950,48,850,168,0,0,1,10,45,48.69,29.66,4.98,8.19,0,2.08,1.65,1.6,3.07,0,0,0,0.08,0,0,0,0,0,0,0,0,0,0,0,0,unknown,1031,1382,1410,45,466.93,479.2162711
Co-17.5Ni-12.4Fe-5.4Al-4.2Cr-2.0Ti-1.5Ta-1.4Nb-3.1V-0.08B,25,0.0001,604.0221101,25,24,850,168,0,0,1,10,48.1,52.41,17.49,5.42,4.17,0,2.03,1.52,1.44,3.08,0,0,0,0.08,0,0,0,12.36,0,0,0,0,0,0,0,0,0.005576411,1184,1318,1377,48.1,348.3076477,604.0221101
Co-17.5Ni-12.4Fe-5.4Al-4.2Cr-2.0Ti-1.5Ta-1.4Nb-3.1V-0.08B,600,0.0001,483.1598833,600,24,850,168,0,0,1,10,48.1,52.41,17.49,5.42,4.17,0,2.03,1.52,1.44,3.08,0,0,0,0.08,0,0,0,12.36,0,0,0,0,0,0,0,0,unknown,1184,1318,1377,48.1,348.3076477,483.1598833
Co-17.5Ni-12.4Fe-5.4Al-4.2Cr-2.0Ti-1.5Ta-1.4Nb-3.1V-0.08B,700,0.0001,502.0117975,700,24,850,168,0,0,1,10,48.1,52.41,17.49,5.42,4.17,0,2.03,1.52,1.44,3.08,0,0,0,0.08,0,0,0,12.36,0,0,0,0,0,0,0,0,unknown,1184,1318,1377,48.1,348.3076477,502.0117975
Co-17.5Ni-12.4Fe-5.4Al-4.2Cr-2.0Ti-1.5Ta-1.4Nb-3.1V-0.08B,750,0.0001,537.802833,750,24,850,168,0,0,1,10,48.1,52.41,17.49,5.42,4.17,0,2.03,1.52,1.44,3.08,0,0,0,0.08,0,0,0,12.36,0,0,0,0,0,0,0,0,unknown,1184,1318,1377,48.1,348.3076477,537.802833
Co-17.5Ni-12.4Fe-5.4Al-4.2Cr-2.0Ti-1.5Ta-1.4Nb-3.1V-0.08B,800,0.0001,550.7117352,800,24,850,168,0,0,1,10,48.1,52.41,17.49,5.42,4.17,0,2.03,1.52,1.44,3.08,0,0,0,0.08,0,0,0,12.36,0,0,0,0,0,0,0,0,unknown,1184,1318,1377,48.1,348.3076477,550.7117352
Co-17.5Ni-12.4Fe-5.4Al-4.2Cr-2.0Ti-1.5Ta-1.4Nb-3.1V-0.08B,850,0.0001,494.7117032,850,24,850,168,0,0,1,10,48.1,52.41,17.49,5.42,4.17,0,2.03,1.52,1.44,3.08,0,0,0,0.08,0,0,0,12.36,0,0,0,0,0,0,0,0,unknown,1184,1318,1377,48.1,348.3076477,494.7117032
Co-17.5Ni-12.4Fe-5.4Al-4.2Cr-2.0Ti-1.5Ta-1.4Nb-3.1V-0.08B,900,0.0001,393.4355368,900,24,850,168,0,0,1,10,48.1,52.41,17.49,5.42,4.17,0,2.03,1.52,1.44,3.08,0,0,0,0.08,0,0,0,12.36,0,0,0,0,0,0,0,0,unknown,1184,1318,1377,48.1,348.3076477,393.4355368
Co-17.5Ni-12.4Fe-5.4Al-4.2Cr-2.0Ti-1.5Ta-1.4Nb-3.1V-0.08B,950,0.0001,261.1747492,950,24,850,168,0,0,1,10,48.1,52.41,17.49,5.42,4.17,0,2.03,1.52,1.44,3.08,0,0,0,0.08,0,0,0,12.36,0,0,0,0,0,0,0,0,unknown,1184,1318,1377,48.1,348.3076477,261.1747492
Co-17.4Ni-12.2Fe-5.4Al-8.3Cr-2.1Ti-1.6Ta-1.5Nb-3.1V-0.08B,25,0.0001,559.2417,25,24,850,168,0,0,1,10,43.6,48.26,17.44,5.44,8.32,0,2.08,1.55,1.48,3.11,0,0,0,0.08,0,0,0,12.24,0,0,0,0,0,0,0,0,0.005387775,1189,1313,1377,43.6,341.7879028,559.2417
Co-17.4Ni-12.2Fe-5.4Al-8.3Cr-2.1Ti-1.6Ta-1.5Nb-3.1V-0.08B,600,0.0001,449.1359,600,24,850,168,0,0,1,10,43.6,48.26,17.44,5.44,8.32,0,2.08,1.55,1.48,3.11,0,0,0,0.08,0,0,0,12.24,0,0,0,0,0,0,0,0,unknown,1189,1313,1377,43.6,341.7879028,449.1359
Co-17.4Ni-12.2Fe-5.4Al-8.3Cr-2.1Ti-1.6Ta-1.5Nb-3.1V-0.08B,700,0.0001,496.7563,700,24,850,168,0,0,1,10,43.6,48.26,17.44,5.44,8.32,0,2.08,1.55,1.48,3.11,0,0,0,0.08,0,0,0,12.24,0,0,0,0,0,0,0,0,unknown,1189,1313,1377,43.6,341.7879028,496.7563
Co-17.4Ni-12.2Fe-5.4Al-8.3Cr-2.1Ti-1.6Ta-1.5Nb-3.1V-0.08B,750,0.0001,565.9329,750,24,850,168,0,0,1,10,43.6,48.26,17.44,5.44,8.32,0,2.08,1.55,1.48,3.11,0,0,0,0.08,0,0,0,12.24,0,0,0,0,0,0,0,0,unknown,1189,1313,1377,43.6,341.7879028,565.9329
Co-17.4Ni-12.2Fe-5.4Al-8.3Cr-2.1Ti-1.6Ta-1.5Nb-3.1V-0.08B,800,0.0001,592.0441,800,24,850,168,0,0,1,10,43.6,48.26,17.44,5.44,8.32,0,2.08,1.55,1.48,3.11,0,0,0,0.08,0,0,0,12.24,0,0,0,0,0,0,0,0,unknown,1189,1313,1377,43.6,341.7879028,592.0441
Co-17.4Ni-12.2Fe-5.4Al-8.3Cr-2.1Ti-1.6Ta-1.5Nb-3.1V-0.08B,850,0.0001,491.4517,850,24,850,168,0,0,1,10,43.6,48.26,17.44,5.44,8.32,0,2.08,1.55,1.48,3.11,0,0,0,0.08,0,0,0,12.24,0,0,0,0,0,0,0,0,unknown,1189,1313,1377,43.6,341.7879028,491.4517
Co-17.4Ni-12.2Fe-5.4Al-8.3Cr-2.1Ti-1.6Ta-1.5Nb-3.1V-0.08B,900,0.0001,393.8763,900,24,850,168,0,0,1,10,43.6,48.26,17.44,5.44,8.32,0,2.08,1.55,1.48,3.11,0,0,0,0.08,0,0,0,12.24,0,0,0,0,0,0,0,0,unknown,1189,1313,1377,43.6,341.7879028,393.8763
Co-17.4Ni-12.2Fe-5.4Al-8.3Cr-2.1Ti-1.6Ta-1.5Nb-3.1V-0.08B,950,0.0001,250.4023,950,24,850,168,0,0,1,10,43.6,48.26,17.44,5.44,8.32,0,2.08,1.55,1.48,3.11,0,0,0,0.08,0,0,0,12.24,0,0,0,0,0,0,0,0,unknown,1189,1313,1377,43.6,341.7879028,250.4023
Co-15.5Ni-14.3Fe-5.6Al-4.2Cr-2.1Ti-1.5Ta-1.5Nb-3.1V-0.08B,25,0.0001,537.9552111,25,24,850,168,0,0,1,10,42.4,52.14,15.53,5.63,4.18,0,2.07,1.49,1.5,3.07,0,0,0,0.08,0,0,0,14.31,0,0,0,0,0,0,0,0,0.004305733,1198,1313,1373,42.4,323.3867493,537.9552111
Co-15.5Ni-14.3Fe-5.6Al-4.2Cr-2.1Ti-1.5Ta-1.5Nb-3.1V-0.08B,600,0.0001,420.1376704,600,24,850,168,0,0,1,10,42.4,52.14,15.53,5.63,4.18,0,2.07,1.49,1.5,3.07,0,0,0,0.08,0,0,0,14.31,0,0,0,0,0,0,0,0,unknown,1198,1313,1373,42.4,323.3867493,420.1376704
Co-15.5Ni-14.3Fe-5.6Al-4.2Cr-2.1Ti-1.5Ta-1.5Nb-3.1V-0.08B,700,0.0001,457.8944097,700,24,850,168,0,0,1,10,42.4,52.14,15.53,5.63,4.18,0,2.07,1.49,1.5,3.07,0,0,0,0.08,0,0,0,14.31,0,0,0,0,0,0,0,0,unknown,1198,1313,1373,42.4,323.3867493,457.8944097
Co-15.5Ni-14.3Fe-5.6Al-4.2Cr-2.1Ti-1.5Ta-1.5Nb-3.1V-0.08B,750,0.0001,515.6540939,750,24,850,168,0,0,1,10,42.4,52.14,15.53,5.63,4.18,0,2.07,1.49,1.5,3.07,0,0,0,0.08,0,0,0,14.31,0,0,0,0,0,0,0,0,unknown,1198,1313,1373,42.4,323.3867493,515.6540939
Co-15.5Ni-14.3Fe-5.6Al-4.2Cr-2.1Ti-1.5Ta-1.5Nb-3.1V-0.08B,800,0.0001,552.9107059,800,24,850,168,0,0,1,10,42.4,52.14,15.53,5.63,4.18,0,2.07,1.49,1.5,3.07,0,0,0,0.08,0,0,0,14.31,0,0,0,0,0,0,0,0,unknown,1198,1313,1373,42.4,323.3867493,552.9107059
Co-15.5Ni-14.3Fe-5.6Al-4.2Cr-2.1Ti-1.5Ta-1.5Nb-3.1V-0.08B,850,0.0001,476.6565763,850,24,850,168,0,0,1,10,42.4,52.14,15.53,5.63,4.18,0,2.07,1.49,1.5,3.07,0,0,0,0.08,0,0,0,14.31,0,0,0,0,0,0,0,0,unknown,1198,1313,1373,42.4,323.3867493,476.6565763
Co-15.5Ni-14.3Fe-5.6Al-4.2Cr-2.1Ti-1.5Ta-1.5Nb-3.1V-0.08B,900,0.0001,354.7991908,900,24,850,168,0,0,1,10,42.4,52.14,15.53,5.63,4.18,0,2.07,1.49,1.5,3.07,0,0,0,0.08,0,0,0,14.31,0,0,0,0,0,0,0,0,unknown,1198,1313,1373,42.4,323.3867493,354.7991908
Co-15.5Ni-14.3Fe-5.6Al-4.2Cr-2.1Ti-1.5Ta-1.5Nb-3.1V-0.08B,950,0.0001,227.2337026,950,24,850,168,0,0,1,10,42.4,52.14,15.53,5.63,4.18,0,2.07,1.49,1.5,3.07,0,0,0,0.08,0,0,0,14.31,0,0,0,0,0,0,0,0,unknown,1198,1313,1373,42.4,323.3867493,227.2337026
Co-15.6Ni-14.2Fe-5.4Al-8.3Cr-2.1Ti-1.5Ta-1.5Nb-3.1V-0.08B,25,0.0001,637.0915098,25,24,850,168,0,0,1,10,32.8,48.25,15.59,5.44,8.29,0,2.07,1.51,1.45,3.1,0,0,0,0.08,0,0,0,14.22,0,0,0,0,0,0,0,0,0.005567192,1189,1308,1368,32.8,377.8849182,637.0915098
Co-15.6Ni-14.2Fe-5.4Al-8.3Cr-2.1Ti-1.5Ta-1.5Nb-3.1V-0.08B,600,0.0001,505.5404529,600,24,850,168,0,0,1,10,32.8,48.25,15.59,5.44,8.29,0,2.07,1.51,1.45,3.1,0,0,0,0.08,0,0,0,14.22,0,0,0,0,0,0,0,0,unknown,1189,1308,1368,32.8,377.8849182,505.5404529
Co-15.6Ni-14.2Fe-5.4Al-8.3Cr-2.1Ti-1.5Ta-1.5Nb-3.1V-0.08B,700,0.0001,514.0117949,700,24,850,168,0,0,1,10,32.8,48.25,15.59,5.44,8.29,0,2.07,1.51,1.45,3.1,0,0,0,0.08,0,0,0,14.22,0,0,0,0,0,0,0,0,unknown,1189,1308,1368,32.8,377.8849182,514.0117949
Co-15.6Ni-14.2Fe-5.4Al-8.3Cr-2.1Ti-1.5Ta-1.5Nb-3.1V-0.08B,750,0.0001,541.560372,750,24,850,168,0,0,1,10,32.8,48.25,15.59,5.44,8.29,0,2.07,1.51,1.45,3.1,0,0,0,0.08,0,0,0,14.22,0,0,0,0,0,0,0,0,unknown,1189,1308,1368,32.8,377.8849182,541.560372
Co-15.6Ni-14.2Fe-5.4Al-8.3Cr-2.1Ti-1.5Ta-1.5Nb-3.1V-0.08B,800,0.0001,547.2601651,800,24,850,168,0,0,1,10,32.8,48.25,15.59,5.44,8.29,0,2.07,1.51,1.45,3.1,0,0,0,0.08,0,0,0,14.22,0,0,0,0,0,0,0,0,unknown,1189,1308,1368,32.8,377.8849182,547.2601651
Co-15.6Ni-14.2Fe-5.4Al-8.3Cr-2.1Ti-1.5Ta-1.5Nb-3.1V-0.08B,850,0.0001,504.0474693,850,24,850,168,0,0,1,10,32.8,48.25,15.59,5.44,8.29,0,2.07,1.51,1.45,3.1,0,0,0,0.08,0,0,0,14.22,0,0,0,0,0,0,0,0,unknown,1189,1308,1368,32.8,377.8849182,504.0474693
Co-15.6Ni-14.2Fe-5.4Al-8.3Cr-2.1Ti-1.5Ta-1.5Nb-3.1V-0.08B,900,0.0001,381.6412518,900,24,850,168,0,0,1,10,32.8,48.25,15.59,5.44,8.29,0,2.07,1.51,1.45,3.1,0,0,0,0.08,0,0,0,14.22,0,0,0,0,0,0,0,0,unknown,1189,1308,1368,32.8,377.8849182,381.6412518
Co-15.6Ni-14.2Fe-5.4Al-8.3Cr-2.1Ti-1.5Ta-1.5Nb-3.1V-0.08B,950,0.0001,228.3631416,950,24,850,168,0,0,1,10,32.8,48.25,15.59,5.44,8.29,0,2.07,1.51,1.45,3.1,0,0,0,0.08,0,0,0,14.22,0,0,0,0,0,0,0,0,unknown,1189,1308,1368,32.8,377.8849182,228.3631416
Co-11.8Ni-18.3Fe-5.5Al-4.1Cr-2.1Ti-1.5Ta-1.5Nb-3.1V-0.08B,25,0.0001,540.5127,25,24,850,168,0,0,1,10,40.9,52.13,11.78,5.45,4.14,0,2.06,1.52,1.51,3.06,0,0,0,0.08,0,0,0,18.27,0,0,0,0,0,0,0,0,0.005326856,1193,1310,1366,40.9,371.2703857,540.5127
Co-11.8Ni-18.3Fe-5.5Al-4.1Cr-2.1Ti-1.5Ta-1.5Nb-3.1V-0.08B,600,0.0001,445.7477,600,24,850,168,0,0,1,10,40.9,52.13,11.78,5.45,4.14,0,2.06,1.52,1.51,3.06,0,0,0,0.08,0,0,0,18.27,0,0,0,0,0,0,0,0,unknown,1193,1310,1366,40.9,371.2703857,445.7477
Co-11.8Ni-18.3Fe-5.5Al-4.1Cr-2.1Ti-1.5Ta-1.5Nb-3.1V-0.08B,700,0.0001,494.0344,700,24,850,168,0,0,1,10,40.9,52.13,11.78,5.45,4.14,0,2.06,1.52,1.51,3.06,0,0,0,0.08,0,0,0,18.27,0,0,0,0,0,0,0,0,unknown,1193,1310,1366,40.9,371.2703857,494.0344
Co-11.8Ni-18.3Fe-5.5Al-4.1Cr-2.1Ti-1.5Ta-1.5Nb-3.1V-0.08B,750,0.0001,543.6737,750,24,850,168,0,0,1,10,40.9,52.13,11.78,5.45,4.14,0,2.06,1.52,1.51,3.06,0,0,0,0.08,0,0,0,18.27,0,0,0,0,0,0,0,0,unknown,1193,1310,1366,40.9,371.2703857,543.6737
Co-11.8Ni-18.3Fe-5.5Al-4.1Cr-2.1Ti-1.5Ta-1.5Nb-3.1V-0.08B,800,0.0001,575.7582,800,24,850,168,0,0,1,10,40.9,52.13,11.78,5.45,4.14,0,2.06,1.52,1.51,3.06,0,0,0,0.08,0,0,0,18.27,0,0,0,0,0,0,0,0,unknown,1193,1310,1366,40.9,371.2703857,575.7582
Co-11.8Ni-18.3Fe-5.5Al-4.1Cr-2.1Ti-1.5Ta-1.5Nb-3.1V-0.08B,850,0.0001,454.6945,850,24,850,168,0,0,1,10,40.9,52.13,11.78,5.45,4.14,0,2.06,1.52,1.51,3.06,0,0,0,0.08,0,0,0,18.27,0,0,0,0,0,0,0,0,unknown,1193,1310,1366,40.9,371.2703857,454.6945
Co-11.8Ni-18.3Fe-5.5Al-4.1Cr-2.1Ti-1.5Ta-1.5Nb-3.1V-0.08B,900,0.0001,336.5732,900,24,850,168,0,0,1,10,40.9,52.13,11.78,5.45,4.14,0,2.06,1.52,1.51,3.06,0,0,0,0.08,0,0,0,18.27,0,0,0,0,0,0,0,0,unknown,1193,1310,1366,40.9,371.2703857,336.5732
Co-11.8Ni-18.3Fe-5.5Al-4.1Cr-2.1Ti-1.5Ta-1.5Nb-3.1V-0.08B,950,0.0001,205.1203,950,24,850,168,0,0,1,10,40.9,52.13,11.78,5.45,4.14,0,2.06,1.52,1.51,3.06,0,0,0,0.08,0,0,0,18.27,0,0,0,0,0,0,0,0,unknown,1193,1310,1366,40.9,371.2703857,205.1203
Co-11.8Ni-18.3Fe-5.5Al-8.3Cr-2.0Ti-1.4Ta-1.4Nb-3.1V-0.08B,25,0.0001,531.7077491,25,24,850,168,0,0,1,10,20.6,48.05,11.81,5.49,8.3,0,2.04,1.44,1.41,3.1,0,0,0,0.08,0,0,0,18.28,0,0,0,0,0,0,0,0,0.003360016,1201,1311,1365,20.6,336.5037537,531.7077491
Co-11.8Ni-18.3Fe-5.5Al-8.3Cr-2.0Ti-1.4Ta-1.4Nb-3.1V-0.08B,600,0.0001,414.3874049,600,24,850,168,0,0,1,10,20.6,48.05,11.81,5.49,8.3,0,2.04,1.44,1.41,3.1,0,0,0,0.08,0,0,0,18.28,0,0,0,0,0,0,0,0,unknown,1201,1311,1365,20.6,336.5037537,414.3874049
Co-11.8Ni-18.3Fe-5.5Al-8.3Cr-2.0Ti-1.4Ta-1.4Nb-3.1V-0.08B,700,0.0001,452.7378413,700,24,850,168,0,0,1,10,20.6,48.05,11.81,5.49,8.3,0,2.04,1.44,1.41,3.1,0,0,0,0.08,0,0,0,18.28,0,0,0,0,0,0,0,0,unknown,1201,1311,1365,20.6,336.5037537,452.7378413
Co-11.8Ni-18.3Fe-5.5Al-8.3Cr-2.0Ti-1.4Ta-1.4Nb-3.1V-0.08B,750,0.0001,495.5700955,750,24,850,168,0,0,1,10,20.6,48.05,11.81,5.49,8.3,0,2.04,1.44,1.41,3.1,0,0,0,0.08,0,0,0,18.28,0,0,0,0,0,0,0,0,unknown,1201,1311,1365,20.6,336.5037537,495.5700955
Co-11.8Ni-18.3Fe-5.5Al-8.3Cr-2.0Ti-1.4Ta-1.4Nb-3.1V-0.08B,800,0.0001,530.6512275,800,24,850,168,0,0,1,10,20.6,48.05,11.81,5.49,8.3,0,2.04,1.44,1.41,3.1,0,0,0,0.08,0,0,0,18.28,0,0,0,0,0,0,0,0,unknown,1201,1311,1365,20.6,336.5037537,530.6512275
Co-11.8Ni-18.3Fe-5.5Al-8.3Cr-2.0Ti-1.4Ta-1.4Nb-3.1V-0.08B,850,0.0001,462.742341,850,24,850,168,0,0,1,10,20.6,48.05,11.81,5.49,8.3,0,2.04,1.44,1.41,3.1,0,0,0,0.08,0,0,0,18.28,0,0,0,0,0,0,0,0,unknown,1201,1311,1365,20.6,336.5037537,462.742341
Co-11.8Ni-18.3Fe-5.5Al-8.3Cr-2.0Ti-1.4Ta-1.4Nb-3.1V-0.08B,900,0.0001,318.1289114,900,24,850,168,0,0,1,10,20.6,48.05,11.81,5.49,8.3,0,2.04,1.44,1.41,3.1,0,0,0,0.08,0,0,0,18.28,0,0,0,0,0,0,0,0,unknown,1201,1311,1365,20.6,336.5037537,318.1289114
Co-11.8Ni-18.3Fe-5.5Al-8.3Cr-2.0Ti-1.4Ta-1.4Nb-3.1V-0.08B,950,0.0001,186.926164,950,24,850,168,0,0,1,10,20.6,48.05,11.81,5.49,8.3,0,2.04,1.44,1.41,3.1,0,0,0,0.08,0,0,0,18.28,0,0,0,0,0,0,0,0,unknown,1201,1311,1365,20.6,336.5037537,186.926164
Co-17.5Ni-12.4Fe-5.4Al-4.2Cr-2.0Ti-1.5Ta-1.4Nb-3.1V-0.08B,25,0.0001,577.9082,25,24,850,168,0,0,1,10,48.1,52.41,17.49,5.42,4.17,0,2.03,1.52,1.44,3.08,0,0,0,0.08,0,0,0,12.36,0,0,0,0,0,0,0,0,0.005576411,1184,1318,1377,48.1,348.3076477,577.9082
Co-17.5Ni-12.4Fe-5.4Al-4.2Cr-2.0Ti-1.5Ta-1.4Nb-3.1V-0.08B,575,0.0001,467.627,575,24,850,168,0,0,1,10,48.1,52.41,17.49,5.42,4.17,0,2.03,1.52,1.44,3.08,0,0,0,0.08,0,0,0,12.36,0,0,0,0,0,0,0,0,unknown,1184,1318,1377,48.1,348.3076477,467.627
Co-17.5Ni-12.4Fe-5.4Al-4.2Cr-2.0Ti-1.5Ta-1.4Nb-3.1V-0.08B,650,0.0001,474.6803,650,24,850,168,0,0,1,10,48.1,52.41,17.49,5.42,4.17,0,2.03,1.52,1.44,3.08,0,0,0,0.08,0,0,0,12.36,0,0,0,0,0,0,0,0,unknown,1184,1318,1377,48.1,348.3076477,474.6803
Co-17.5Ni-12.4Fe-5.4Al-4.2Cr-2.0Ti-1.5Ta-1.4Nb-3.1V-0.08B,725,0.0001,530.8397,725,24,850,168,0,0,1,10,48.1,52.41,17.49,5.42,4.17,0,2.03,1.52,1.44,3.08,0,0,0,0.08,0,0,0,12.36,0,0,0,0,0,0,0,0,unknown,1184,1318,1377,48.1,348.3076477,530.8397
Co-17.5Ni-12.4Fe-5.4Al-4.2Cr-2.0Ti-1.5Ta-1.4Nb-3.1V-0.08B,775,0.0001,572.7555,775,24,850,168,0,0,1,10,48.1,52.41,17.49,5.42,4.17,0,2.03,1.52,1.44,3.08,0,0,0,0.08,0,0,0,12.36,0,0,0,0,0,0,0,0,unknown,1184,1318,1377,48.1,348.3076477,572.7555
Co-17.5Ni-12.4Fe-5.4Al-4.2Cr-2.0Ti-1.5Ta-1.4Nb-3.1V-0.08B,825,0.0001,587.9566,825,24,850,168,0,0,1,10,48.1,52.41,17.49,5.42,4.17,0,2.03,1.52,1.44,3.08,0,0,0,0.08,0,0,0,12.36,0,0,0,0,0,0,0,0,unknown,1184,1318,1377,48.1,348.3076477,587.9566
Co-17.5Ni-12.4Fe-5.4Al-4.2Cr-2.0Ti-1.5Ta-1.4Nb-3.1V-0.08B,875,0.0001,469.3402,875,24,850,168,0,0,1,10,48.1,52.41,17.49,5.42,4.17,0,2.03,1.52,1.44,3.08,0,0,0,0.08,0,0,0,12.36,0,0,0,0,0,0,0,0,unknown,1184,1318,1377,48.1,348.3076477,469.3402
Co-17.5Ni-12.4Fe-5.4Al-4.2Cr-2.0Ti-1.5Ta-1.4Nb-3.1V-0.08B,925,0.0001,342.9887,925,24,850,168,0,0,1,10,48.1,52.41,17.49,5.42,4.17,0,2.03,1.52,1.44,3.08,0,0,0,0.08,0,0,0,12.36,0,0,0,0,0,0,0,0,unknown,1184,1318,1377,48.1,348.3076477,342.9887
Co-17.5Ni-12.4Fe-5.4Al-4.2Cr-2.0Ti-1.5Ta-1.4Nb-3.1V-0.08B,975,0.0001,206.3616,975,24,850,168,0,0,1,10,48.1,52.41,17.49,5.42,4.17,0,2.03,1.52,1.44,3.08,0,0,0,0.08,0,0,0,12.36,0,0,0,0,0,0,0,0,unknown,1184,1318,1377,48.1,348.3076477,206.3616
Co-17.4Ni-12.2Fe-5.4Al-8.3Cr-2.1Ti-1.6Ta-1.5Nb-3.1V-0.08B,25,0.0001,589.9294,25,24,850,168,0,0,1,10,43.6,48.26,17.44,5.44,8.32,0,2.08,1.55,1.48,3.11,0,0,0,0.08,0,0,0,12.24,0,0,0,0,0,0,0,0,0.005387775,1189,1313,1377,43.6,341.7879028,589.9294
Co-17.4Ni-12.2Fe-5.4Al-8.3Cr-2.1Ti-1.6Ta-1.5Nb-3.1V-0.08B,575,0.0001,476.3736,575,24,850,168,0,0,1,10,43.6,48.26,17.44,5.44,8.32,0,2.08,1.55,1.48,3.11,0,0,0,0.08,0,0,0,12.24,0,0,0,0,0,0,0,0,unknown,1189,1313,1377,43.6,341.7879028,476.3736
Co-17.4Ni-12.2Fe-5.4Al-8.3Cr-2.1Ti-1.6Ta-1.5Nb-3.1V-0.08B,650,0.0001,483.9843,650,24,850,168,0,0,1,10,43.6,48.26,17.44,5.44,8.32,0,2.08,1.55,1.48,3.11,0,0,0,0.08,0,0,0,12.24,0,0,0,0,0,0,0,0,unknown,1189,1313,1377,43.6,341.7879028,483.9843
Co-17.4Ni-12.2Fe-5.4Al-8.3Cr-2.1Ti-1.6Ta-1.5Nb-3.1V-0.08B,725,0.0001,507.0743,725,24,850,168,0,0,1,10,43.6,48.26,17.44,5.44,8.32,0,2.08,1.55,1.48,3.11,0,0,0,0.08,0,0,0,12.24,0,0,0,0,0,0,0,0,unknown,1189,1313,1377,43.6,341.7879028,507.0743
Co-17.4Ni-12.2Fe-5.4Al-8.3Cr-2.1Ti-1.6Ta-1.5Nb-3.1V-0.08B,775,0.0001,555.5387,775,24,850,168,0,0,1,10,43.6,48.26,17.44,5.44,8.32,0,2.08,1.55,1.48,3.11,0,0,0,0.08,0,0,0,12.24,0,0,0,0,0,0,0,0,unknown,1189,1313,1377,43.6,341.7879028,555.5387
Co-17.4Ni-12.2Fe-5.4Al-8.3Cr-2.1Ti-1.6Ta-1.5Nb-3.1V-0.08B,825,0.0001,564.7559,825,24,850,168,0,0,1,10,43.6,48.26,17.44,5.44,8.32,0,2.08,1.55,1.48,3.11,0,0,0,0.08,0,0,0,12.24,0,0,0,0,0,0,0,0,unknown,1189,1313,1377,43.6,341.7879028,564.7559
Co-17.4Ni-12.2Fe-5.4Al-8.3Cr-2.1Ti-1.6Ta-1.5Nb-3.1V-0.08B,875,0.0001,490.075,875,24,850,168,0,0,1,10,43.6,48.26,17.44,5.44,8.32,0,2.08,1.55,1.48,3.11,0,0,0,0.08,0,0,0,12.24,0,0,0,0,0,0,0,0,unknown,1189,1313,1377,43.6,341.7879028,490.075
Co-17.4Ni-12.2Fe-5.4Al-8.3Cr-2.1Ti-1.6Ta-1.5Nb-3.1V-0.08B,925,0.0001,357.6587,925,24,850,168,0,0,1,10,43.6,48.26,17.44,5.44,8.32,0,2.08,1.55,1.48,3.11,0,0,0,0.08,0,0,0,12.24,0,0,0,0,0,0,0,0,unknown,1189,1313,1377,43.6,341.7879028,357.6587
Co-17.4Ni-12.2Fe-5.4Al-8.3Cr-2.1Ti-1.6Ta-1.5Nb-3.1V-0.08B,975,0.0001,212.8447,975,24,850,168,0,0,1,10,43.6,48.26,17.44,5.44,8.32,0,2.08,1.55,1.48,3.11,0,0,0,0.08,0,0,0,12.24,0,0,0,0,0,0,0,0,unknown,1189,1313,1377,43.6,341.7879028,212.8447
Co-15.5Ni-14.3Fe-5.6Al-4.2Cr-2.1Ti-1.5Ta-1.5Nb-3.1V-0.08B,25,0.0001,624.7349,25,24,850,168,0,0,1,10,42.4,52.14,15.53,5.63,4.18,0,2.07,1.49,1.5,3.07,0,0,0,0.08,0,0,0,14.31,0,0,0,0,0,0,0,0,0.004305733,1198,1313,1373,42.4,323.3867493,624.7349
Co-15.5Ni-14.3Fe-5.6Al-4.2Cr-2.1Ti-1.5Ta-1.5Nb-3.1V-0.08B,575,0.0001,508.3253,575,24,850,168,0,0,1,10,42.4,52.14,15.53,5.63,4.18,0,2.07,1.49,1.5,3.07,0,0,0,0.08,0,0,0,14.31,0,0,0,0,0,0,0,0,unknown,1198,1313,1373,42.4,323.3867493,508.3253
Co-15.5Ni-14.3Fe-5.6Al-4.2Cr-2.1Ti-1.5Ta-1.5Nb-3.1V-0.08B,650,0.0001,507.065,650,24,850,168,0,0,1,10,42.4,52.14,15.53,5.63,4.18,0,2.07,1.49,1.5,3.07,0,0,0,0.08,0,0,0,14.31,0,0,0,0,0,0,0,0,unknown,1198,1313,1373,42.4,323.3867493,507.065
Co-15.5Ni-14.3Fe-5.6Al-4.2Cr-2.1Ti-1.5Ta-1.5Nb-3.1V-0.08B,725,0.0001,538.784,725,24,850,168,0,0,1,10,42.4,52.14,15.53,5.63,4.18,0,2.07,1.49,1.5,3.07,0,0,0,0.08,0,0,0,14.31,0,0,0,0,0,0,0,0,unknown,1198,1313,1373,42.4,323.3867493,538.784
Co-15.5Ni-14.3Fe-5.6Al-4.2Cr-2.1Ti-1.5Ta-1.5Nb-3.1V-0.08B,775,0.0001,580.9467,775,24,850,168,0,0,1,10,42.4,52.14,15.53,5.63,4.18,0,2.07,1.49,1.5,3.07,0,0,0,0.08,0,0,0,14.31,0,0,0,0,0,0,0,0,unknown,1198,1313,1373,42.4,323.3867493,580.9467
Co-15.5Ni-14.3Fe-5.6Al-4.2Cr-2.1Ti-1.5Ta-1.5Nb-3.1V-0.08B,825,0.0001,577.2638,825,24,850,168,0,0,1,10,42.4,52.14,15.53,5.63,4.18,0,2.07,1.49,1.5,3.07,0,0,0,0.08,0,0,0,14.31,0,0,0,0,0,0,0,0,unknown,1198,1313,1373,42.4,323.3867493,577.2638
Co-15.5Ni-14.3Fe-5.6Al-4.2Cr-2.1Ti-1.5Ta-1.5Nb-3.1V-0.08B,875,0.0001,500.6124,875,24,850,168,0,0,1,10,42.4,52.14,15.53,5.63,4.18,0,2.07,1.49,1.5,3.07,0,0,0,0.08,0,0,0,14.31,0,0,0,0,0,0,0,0,unknown,1198,1313,1373,42.4,323.3867493,500.6124
Co-15.5Ni-14.3Fe-5.6Al-4.2Cr-2.1Ti-1.5Ta-1.5Nb-3.1V-0.08B,925,0.0001,349.5089,925,24,850,168,0,0,1,10,42.4,52.14,15.53,5.63,4.18,0,2.07,1.49,1.5,3.07,0,0,0,0.08,0,0,0,14.31,0,0,0,0,0,0,0,0,unknown,1198,1313,1373,42.4,323.3867493,349.5089
Co-15.5Ni-14.3Fe-5.6Al-4.2Cr-2.1Ti-1.5Ta-1.5Nb-3.1V-0.08B,975,0.0001,214.1962,975,24,850,168,0,0,1,10,42.4,52.14,15.53,5.63,4.18,0,2.07,1.49,1.5,3.07,0,0,0,0.08,0,0,0,14.31,0,0,0,0,0,0,0,0,unknown,1198,1313,1373,42.4,323.3867493,214.1962
Co-15.6Ni-14.2Fe-5.4Al-8.3Cr-2.1Ti-1.5Ta-1.5Nb-3.1V-0.08B,25,0.0001,586,25,24,850,168,0,0,1,10,32.8,48.25,15.59,5.44,8.29,0,2.07,1.51,1.45,3.1,0,0,0,0.08,0,0,0,14.22,0,0,0,0,0,0,0,0,0.005567192,1189,1308,1368,32.8,377.8849182,586
Co-15.6Ni-14.2Fe-5.4Al-8.3Cr-2.1Ti-1.5Ta-1.5Nb-3.1V-0.08B,575,0.0001,460.8332,575,24,850,168,0,0,1,10,32.8,48.25,15.59,5.44,8.29,0,2.07,1.51,1.45,3.1,0,0,0,0.08,0,0,0,14.22,0,0,0,0,0,0,0,0,unknown,1189,1308,1368,32.8,377.8849182,460.8332
Co-15.6Ni-14.2Fe-5.4Al-8.3Cr-2.1Ti-1.5Ta-1.5Nb-3.1V-0.08B,650,0.0001,463.1246,650,24,850,168,0,0,1,10,32.8,48.25,15.59,5.44,8.29,0,2.07,1.51,1.45,3.1,0,0,0,0.08,0,0,0,14.22,0,0,0,0,0,0,0,0,unknown,1189,1308,1368,32.8,377.8849182,463.1246
Co-15.6Ni-14.2Fe-5.4Al-8.3Cr-2.1Ti-1.5Ta-1.5Nb-3.1V-0.08B,725,0.0001,499.2892,725,24,850,168,0,0,1,10,32.8,48.25,15.59,5.44,8.29,0,2.07,1.51,1.45,3.1,0,0,0,0.08,0,0,0,14.22,0,0,0,0,0,0,0,0,unknown,1189,1308,1368,32.8,377.8849182,499.2892
Co-15.6Ni-14.2Fe-5.4Al-8.3Cr-2.1Ti-1.5Ta-1.5Nb-3.1V-0.08B,775,0.0001,540.8635,775,24,850,168,0,0,1,10,32.8,48.25,15.59,5.44,8.29,0,2.07,1.51,1.45,3.1,0,0,0,0.08,0,0,0,14.22,0,0,0,0,0,0,0,0,unknown,1189,1308,1368,32.8,377.8849182,540.8635
Co-15.6Ni-14.2Fe-5.4Al-8.3Cr-2.1Ti-1.5Ta-1.5Nb-3.1V-0.08B,825,0.0001,558.3198,825,24,850,168,0,0,1,10,32.8,48.25,15.59,5.44,8.29,0,2.07,1.51,1.45,3.1,0,0,0,0.08,0,0,0,14.22,0,0,0,0,0,0,0,0,unknown,1189,1308,1368,32.8,377.8849182,558.3198
Co-15.6Ni-14.2Fe-5.4Al-8.3Cr-2.1Ti-1.5Ta-1.5Nb-3.1V-0.08B,875,0.0001,461.3151,875,24,850,168,0,0,1,10,32.8,48.25,15.59,5.44,8.29,0,2.07,1.51,1.45,3.1,0,0,0,0.08,0,0,0,14.22,0,0,0,0,0,0,0,0,unknown,1189,1308,1368,32.8,377.8849182,461.3151
Co-15.6Ni-14.2Fe-5.4Al-8.3Cr-2.1Ti-1.5Ta-1.5Nb-3.1V-0.08B,925,0.0001,323.0388,925,24,850,168,0,0,1,10,32.8,48.25,15.59,5.44,8.29,0,2.07,1.51,1.45,3.1,0,0,0,0.08,0,0,0,14.22,0,0,0,0,0,0,0,0,unknown,1189,1308,1368,32.8,377.8849182,323.0388
Co-15.6Ni-14.2Fe-5.4Al-8.3Cr-2.1Ti-1.5Ta-1.5Nb-3.1V-0.08B,975,0.0001,184.9107,975,24,850,168,0,0,1,10,32.8,48.25,15.59,5.44,8.29,0,2.07,1.51,1.45,3.1,0,0,0,0.08,0,0,0,14.22,0,0,0,0,0,0,0,0,unknown,1189,1308,1368,32.8,377.8849182,184.9107
Co-11.8Ni-18.3Fe-5.5Al-4.1Cr-2.1Ti-1.5Ta-1.5Nb-3.1V-0.08B,25,0.0001,537.9302,25,24,850,168,0,0,1,10,40.9,52.13,11.78,5.45,4.14,0,2.06,1.52,1.51,3.06,0,0,0,0.08,0,0,0,18.27,0,0,0,0,0,0,0,0,0.005326856,1193,1310,1366,40.9,371.2703857,537.9302
Co-11.8Ni-18.3Fe-5.5Al-4.1Cr-2.1Ti-1.5Ta-1.5Nb-3.1V-0.08B,575,0.0001,431.1509,575,24,850,168,0,0,1,10,40.9,52.13,11.78,5.45,4.14,0,2.06,1.52,1.51,3.06,0,0,0,0.08,0,0,0,18.27,0,0,0,0,0,0,0,0,unknown,1193,1310,1366,40.9,371.2703857,431.1509
Co-11.8Ni-18.3Fe-5.5Al-4.1Cr-2.1Ti-1.5Ta-1.5Nb-3.1V-0.08B,650,0.0001,449.9347,650,24,850,168,0,0,1,10,40.9,52.13,11.78,5.45,4.14,0,2.06,1.52,1.51,3.06,0,0,0,0.08,0,0,0,18.27,0,0,0,0,0,0,0,0,unknown,1193,1310,1366,40.9,371.2703857,449.9347
Co-11.8Ni-18.3Fe-5.5Al-4.1Cr-2.1Ti-1.5Ta-1.5Nb-3.1V-0.08B,725,0.0001,490.3122,725,24,850,168,0,0,1,10,40.9,52.13,11.78,5.45,4.14,0,2.06,1.52,1.51,3.06,0,0,0,0.08,0,0,0,18.27,0,0,0,0,0,0,0,0,unknown,1193,1310,1366,40.9,371.2703857,490.3122
Co-11.8Ni-18.3Fe-5.5Al-4.1Cr-2.1Ti-1.5Ta-1.5Nb-3.1V-0.08B,775,0.0001,537.8233,775,24,850,168,0,0,1,10,40.9,52.13,11.78,5.45,4.14,0,2.06,1.52,1.51,3.06,0,0,0,0.08,0,0,0,18.27,0,0,0,0,0,0,0,0,unknown,1193,1310,1366,40.9,371.2703857,537.8233
Co-11.8Ni-18.3Fe-5.5Al-4.1Cr-2.1Ti-1.5Ta-1.5Nb-3.1V-0.08B,825,0.0001,512.2553,825,24,850,168,0,0,1,10,40.9,52.13,11.78,5.45,4.14,0,2.06,1.52,1.51,3.06,0,0,0,0.08,0,0,0,18.27,0,0,0,0,0,0,0,0,unknown,1193,1310,1366,40.9,371.2703857,512.2553
Co-11.8Ni-18.3Fe-5.5Al-4.1Cr-2.1Ti-1.5Ta-1.5Nb-3.1V-0.08B,875,0.0001,426.5827,875,24,850,168,0,0,1,10,40.9,52.13,11.78,5.45,4.14,0,2.06,1.52,1.51,3.06,0,0,0,0.08,0,0,0,18.27,0,0,0,0,0,0,0,0,unknown,1193,1310,1366,40.9,371.2703857,426.5827
Co-11.8Ni-18.3Fe-5.5Al-4.1Cr-2.1Ti-1.5Ta-1.5Nb-3.1V-0.08B,925,0.0001,268.3893,925,24,850,168,0,0,1,10,40.9,52.13,11.78,5.45,4.14,0,2.06,1.52,1.51,3.06,0,0,0,0.08,0,0,0,18.27,0,0,0,0,0,0,0,0,unknown,1193,1310,1366,40.9,371.2703857,268.3893
Co-11.8Ni-18.3Fe-5.5Al-4.1Cr-2.1Ti-1.5Ta-1.5Nb-3.1V-0.08B,975,0.0001,141.5247,975,24,850,168,0,0,1,10,40.9,52.13,11.78,5.45,4.14,0,2.06,1.52,1.51,3.06,0,0,0,0.08,0,0,0,18.27,0,0,0,0,0,0,0,0,unknown,1193,1310,1366,40.9,371.2703857,141.5247
Co-11.8Ni-18.3Fe-5.5Al-8.3Cr-2.0Ti-1.4Ta-1.4Nb-3.1V-0.08B,25,0.0001,581.3486,25,24,850,168,0,0,1,10,20.6,48.05,11.81,5.49,8.3,0,2.04,1.44,1.41,3.1,0,0,0,0.08,0,0,0,18.28,0,0,0,0,0,0,0,0,0.003360016,1201,1311,1365,20.6,336.5037537,581.3486
Co-11.8Ni-18.3Fe-5.5Al-8.3Cr-2.0Ti-1.4Ta-1.4Nb-3.1V-0.08B,575,0.0001,451.0761,575,24,850,168,0,0,1,10,20.6,48.05,11.81,5.49,8.3,0,2.04,1.44,1.41,3.1,0,0,0,0.08,0,0,0,18.28,0,0,0,0,0,0,0,0,unknown,1201,1311,1365,20.6,336.5037537,451.0761
Co-11.8Ni-18.3Fe-5.5Al-8.3Cr-2.0Ti-1.4Ta-1.4Nb-3.1V-0.08B,650,0.0001,451.7238,650,24,850,168,0,0,1,10,20.6,48.05,11.81,5.49,8.3,0,2.04,1.44,1.41,3.1,0,0,0,0.08,0,0,0,18.28,0,0,0,0,0,0,0,0,unknown,1201,1311,1365,20.6,336.5037537,451.7238
Co-11.8Ni-18.3Fe-5.5Al-8.3Cr-2.0Ti-1.4Ta-1.4Nb-3.1V-0.08B,725,0.0001,499.0211,725,24,850,168,0,0,1,10,20.6,48.05,11.81,5.49,8.3,0,2.04,1.44,1.41,3.1,0,0,0,0.08,0,0,0,18.28,0,0,0,0,0,0,0,0,unknown,1201,1311,1365,20.6,336.5037537,499.0211
Co-11.8Ni-18.3Fe-5.5Al-8.3Cr-2.0Ti-1.4Ta-1.4Nb-3.1V-0.08B,775,0.0001,529.193,775,24,850,168,0,0,1,10,20.6,48.05,11.81,5.49,8.3,0,2.04,1.44,1.41,3.1,0,0,0,0.08,0,0,0,18.28,0,0,0,0,0,0,0,0,unknown,1201,1311,1365,20.6,336.5037537,529.193
Co-11.8Ni-18.3Fe-5.5Al-8.3Cr-2.0Ti-1.4Ta-1.4Nb-3.1V-0.08B,825,0.0001,514.2096,825,24,850,168,0,0,1,10,20.6,48.05,11.81,5.49,8.3,0,2.04,1.44,1.41,3.1,0,0,0,0.08,0,0,0,18.28,0,0,0,0,0,0,0,0,unknown,1201,1311,1365,20.6,336.5037537,514.2096
Co-11.8Ni-18.3Fe-5.5Al-8.3Cr-2.0Ti-1.4Ta-1.4Nb-3.1V-0.08B,875,0.0001,385.8274,875,24,850,168,0,0,1,10,20.6,48.05,11.81,5.49,8.3,0,2.04,1.44,1.41,3.1,0,0,0,0.08,0,0,0,18.28,0,0,0,0,0,0,0,0,unknown,1201,1311,1365,20.6,336.5037537,385.8274
Co-11.8Ni-18.3Fe-5.5Al-8.3Cr-2.0Ti-1.4Ta-1.4Nb-3.1V-0.08B,925,0.0001,240.9463,925,24,850,168,0,0,1,10,20.6,48.05,11.81,5.49,8.3,0,2.04,1.44,1.41,3.1,0,0,0,0.08,0,0,0,18.28,0,0,0,0,0,0,0,0,unknown,1201,1311,1365,20.6,336.5037537,240.9463
Co-11.8Ni-18.3Fe-5.5Al-8.3Cr-2.0Ti-1.4Ta-1.4Nb-3.1V-0.08B,975,0.0001,116.9899,975,24,850,168,0,0,1,10,20.6,48.05,11.81,5.49,8.3,0,2.04,1.44,1.41,3.1,0,0,0,0.08,0,0,0,18.28,0,0,0,0,0,0,0,0,unknown,1201,1311,1365,20.6,336.5037537,116.9899
Co-29.2Ni-11.1Al-4.2Cr-5.8W,25,0.0001,492,25,48,900,64,0,0,1,10,41.2,49.7,29.2,11.1,4.2,5.8,0,0,0,0,0,0,0,0,0,0,0,0,0,0,0,0,0,0,0,0,0.0021,1036,1438,1459,41.2,344.6517793,492
Co-29.2Ni-11.1Al-4.2Cr-5.8W,650,0.0001,402,650,48,900,64,0,0,1,10,41.2,49.7,29.2,11.1,4.2,5.8,0,0,0,0,0,0,0,0,0,0,0,0,0,0,0,0,0,0,0,0,unknown,1036,1438,1459,41.2,344.6517793,402
Co-29.2Ni-11.1Al-4.2Cr-5.8W,700,0.0001,398,700,48,900,64,0,0,1,10,41.2,49.7,29.2,11.1,4.2,5.8,0,0,0,0,0,0,0,0,0,0,0,0,0,0,0,0,0,0,0,0,unknown,1036,1438,1459,41.2,344.6517793,398
Co-29.2Ni-11.1Al-4.2Cr-5.8W,750,0.0001,494,750,48,900,64,0,0,1,10,41.2,49.7,29.2,11.1,4.2,5.8,0,0,0,0,0,0,0,0,0,0,0,0,0,0,0,0,0,0,0,0,unknown,1036,1438,1459,41.2,344.6517793,494
Co-29.2Ni-11.1Al-4.2Cr-5.8W,800,0.0001,495,800,48,900,64,0,0,1,10,41.2,49.7,29.2,11.1,4.2,5.8,0,0,0,0,0,0,0,0,0,0,0,0,0,0,0,0,0,0,0,0,unknown,1036,1438,1459,41.2,344.6517793,495
Co-29.2Ni-11.1Al-4.2Cr-5.8W,850,0.0001,523,850,48,900,64,0,0,1,10,41.2,49.7,29.2,11.1,4.2,5.8,0,0,0,0,0,0,0,0,0,0,0,0,0,0,0,0,0,0,0,0,unknown,1036,1438,1459,41.2,344.6517793,523
Co-29.2Ni-11.1Al-4.2Cr-5.8W,900,0.0001,439,900,48,900,64,0,0,1,10,41.2,49.7,29.2,11.1,4.2,5.8,0,0,0,0,0,0,0,0,0,0,0,0,0,0,0,0,0,0,0,0,unknown,1036,1438,1459,41.2,344.6517793,439
Co-29.2Ni-11.1Al-4.2Cr-5.8W,950,0.0001,317,950,48,900,64,0,0,1,10,41.2,49.7,29.2,11.1,4.2,5.8,0,0,0,0,0,0,0,0,0,0,0,0,0,0,0,0,0,0,0,0,unknown,1036,1438,1459,41.2,344.6517793,317
Co-29.2Ni-4.1Fe-10.9Al-4.1Cr-5.8W,25,0.0001,446,25,48,900,64,0,0,1,10,39.8,45.9,29.2,10.9,4.1,5.8,0,0,0,0,0,0,0,0,0,0,0,4.1,0,0,0,0,0,0,0,0,0.001116383,1021,1414,1446,39.8,327.3172224,446
Co-29.2Ni-4.1Fe-10.9Al-4.1Cr-5.8W,650,0.0001,397,650,48,900,64,0,0,1,10,39.8,45.9,29.2,10.9,4.1,5.8,0,0,0,0,0,0,0,0,0,0,0,4.1,0,0,0,0,0,0,0,0,unknown,1021,1414,1446,39.8,327.3172224,397
Co-29.2Ni-4.1Fe-10.9Al-4.1Cr-5.8W,750,0.0001,470,750,48,900,64,0,0,1,10,39.8,45.9,29.2,10.9,4.1,5.8,0,0,0,0,0,0,0,0,0,0,0,4.1,0,0,0,0,0,0,0,0,unknown,1021,1414,1446,39.8,327.3172224,470
Co-29.2Ni-4.1Fe-10.9Al-4.1Cr-5.8W,850,0.0001,533,850,48,900,64,0,0,1,10,39.8,45.9,29.2,10.9,4.1,5.8,0,0,0,0,0,0,0,0,0,0,0,4.1,0,0,0,0,0,0,0,0,unknown,1021,1414,1446,39.8,327.3172224,533
Co-29.2Ni-4.1Fe-10.9Al-4.1Cr-5.8W,950,0.0001,301,950,48,900,64,0,0,1,10,39.8,45.9,29.2,10.9,4.1,5.8,0,0,0,0,0,0,0,0,0,0,0,4.1,0,0,0,0,0,0,0,0,unknown,1021,1414,1446,39.8,327.3172224,301
Co-29.3Ni-8.2Fe-10.8Al-4.1Cr-5.7W,25,0.0001,581,25,48,900,64,0,0,1,10,29.6,41.9,29.3,10.8,4.1,5.7,0,0,0,0,0,0,0,0,0,0,0,8.2,0,0,0,0,0,0,0,0,0.000557569,999,1416,1442,29.6,317.1204242,581
Co-29.3Ni-8.2Fe-10.8Al-4.1Cr-5.7W,650,0.0001,506,650,48,900,64,0,0,1,10,29.6,41.9,29.3,10.8,4.1,5.7,0,0,0,0,0,0,0,0,0,0,0,8.2,0,0,0,0,0,0,0,0,unknown,999,1416,1442,29.6,317.1204242,506
Co-29.3Ni-8.2Fe-10.8Al-4.1Cr-5.7W,750,0.0001,544,750,48,900,64,0,0,1,10,29.6,41.9,29.3,10.8,4.1,5.7,0,0,0,0,0,0,0,0,0,0,0,8.2,0,0,0,0,0,0,0,0,unknown,999,1416,1442,29.6,317.1204242,544
Co-29.3Ni-8.2Fe-10.8Al-4.1Cr-5.7W,850,0.0001,496,850,48,900,64,0,0,1,10,29.6,41.9,29.3,10.8,4.1,5.7,0,0,0,0,0,0,0,0,0,0,0,8.2,0,0,0,0,0,0,0,0,unknown,999,1416,1442,29.6,317.1204242,496
Co-29.3Ni-8.2Fe-10.8Al-4.1Cr-5.7W,950,0.0001,206,950,48,900,64,0,0,1,10,29.6,41.9,29.3,10.8,4.1,5.7,0,0,0,0,0,0,0,0,0,0,0,8.2,0,0,0,0,0,0,0,0,unknown,999,1416,1442,29.6,317.1204242,206
Co-29.3Ni-12.3Fe-10.4Al-4.1Cr-5.7W,25,0.0001,394,25,48,900,64,0,0,1,10,25.4,38.2,29.3,10.4,4.1,5.7,0,0,0,0,0,0,0,0,0,0,0,12.3,0,0,0,0,0,0,0,0,0.0002,985,1490,1437,25.4,302.8449067,394
Co-29.3Ni-12.3Fe-10.4Al-4.1Cr-5.7W,650,0.0001,339,650,48,900,64,0,0,1,10,25.4,38.2,29.3,10.4,4.1,5.7,0,0,0,0,0,0,0,0,0,0,0,12.3,0,0,0,0,0,0,0,0,unknown,985,1490,1437,25.4,302.8449067,339
Co-29.3Ni-12.3Fe-10.4Al-4.1Cr-5.7W,700,0.0001,374,700,48,900,64,0,0,1,10,25.4,38.2,29.3,10.4,4.1,5.7,0,0,0,0,0,0,0,0,0,0,0,12.3,0,0,0,0,0,0,0,0,unknown,985,1490,1437,25.4,302.8449067,374
Co-29.3Ni-12.3Fe-10.4Al-4.1Cr-5.7W,750,0.0001,421,750,48,900,64,0,0,1,10,25.4,38.2,29.3,10.4,4.1,5.7,0,0,0,0,0,0,0,0,0,0,0,12.3,0,0,0,0,0,0,0,0,unknown,985,1490,1437,25.4,302.8449067,421
Co-29.3Ni-12.3Fe-10.4Al-4.1Cr-5.7W,750,0.0001,434,750,48,900,64,0,0,1,10,25.4,38.2,29.3,10.4,4.1,5.7,0,0,0,0,0,0,0,0,0,0,0,12.3,0,0,0,0,0,0,0,0,unknown,985,1490,1437,25.4,302.8449067,434
Co-29.3Ni-12.3Fe-10.4Al-4.1Cr-5.7W,800,0.0001,407,800,48,900,64,0,0,1,10,25.4,38.2,29.3,10.4,4.1,5.7,0,0,0,0,0,0,0,0,0,0,0,12.3,0,0,0,0,0,0,0,0,unknown,985,1490,1437,25.4,302.8449067,407
Co-29.3Ni-12.3Fe-10.4Al-4.1Cr-5.7W,850,0.0001,395,850,48,900,64,0,0,1,10,25.4,38.2,29.3,10.4,4.1,5.7,0,0,0,0,0,0,0,0,0,0,0,12.3,0,0,0,0,0,0,0,0,unknown,985,1490,1437,25.4,302.8449067,395
Co-29.3Ni-12.3Fe-10.4Al-4.1Cr-5.7W,850,0.0001,390,850,48,900,64,0,0,1,10,25.4,38.2,29.3,10.4,4.1,5.7,0,0,0,0,0,0,0,0,0,0,0,12.3,0,0,0,0,0,0,0,0,unknown,985,1490,1437,25.4,302.8449067,390
Co-29.3Ni-12.3Fe-10.4Al-4.1Cr-5.7W,900,0.0001,313,900,48,900,64,0,0,1,10,25.4,38.2,29.3,10.4,4.1,5.7,0,0,0,0,0,0,0,0,0,0,0,12.3,0,0,0,0,0,0,0,0,unknown,985,1490,1437,25.4,302.8449067,313
Co-29.3Ni-12.3Fe-10.4Al-4.1Cr-5.7W,950,0.0001,120,950,48,900,64,0,0,1,10,25.4,38.2,29.3,10.4,4.1,5.7,0,0,0,0,0,0,0,0,0,0,0,12.3,0,0,0,0,0,0,0,0,unknown,985,1490,1437,25.4,302.8449067,120
